source_market,source_stock_code,target_market,target_stock_code,relationship_type_code,window_type,news_score,disclosure_score,score,impact_direction,confidence,evidence_count,formula_version,as_of_at
KOSPI,000100,KOSPI,128940,PARTNER,10Y,14.785621,,14.785621,,0.8,1,rel-v0.5-full,2026-09-22T00:00:00Z
KOSPI,000100,NASDAQ,GILD,PARTNER,10Y,51.324774,,51.324774,,0.6,6,rel-v0.5-full,2026-09-22T00:00:00Z
KOSPI,000150,KOSPI,000880,PARTNER,10Y,27.385096,,27.385096,,0.8,2,rel-v0.5-full,2026-09-22T00:00:00Z
KOSPI,000150,KOSPI,003550,COMPETE,10Y,14.785621,,14.785621,,0.8,1,rel-v0.5-full,2026-09-22T00:00:00Z
KOSPI,000150,KOSPI,010140,PARTNER,10Y,14.785621,,14.785621,,0.8,1,rel-v0.5-full,2026-09-22T00:00:00Z
KOSPI,000150,KOSPI,032640,PARTNER,10Y,27.385096,,27.385096,,0.8,2,rel-v0.5-full,2026-09-22T00:00:00Z
KOSPI,000150,KOSPI,035720,PARTNER,10Y,27.385096,,27.385096,,0.8,2,rel-v0.5-full,2026-09-22T00:00:00Z
KOSPI,000150,KOSPI,086790,PARTNER,10Y,11.307956,,11.307956,,0.6,1,rel-v0.5-full,2026-09-22T00:00:00Z
KOSPI,000150,KOSPI,267250,COMPETE,10Y,14.785621,,14.785621,,0.8,1,rel-v0.5-full,2026-09-22T00:00:00Z
KOSPI,000150,KOSPI,316140,PARTNER,10Y,11.307956,,11.307956,,0.6,1,rel-v0.5-full,2026-09-22T00:00:00Z
KOSPI,000150,NASDAQ,AMZN,PARTNER,10Y,24.421626,,24.421626,,0.7,2,rel-v0.5-full,2026-09-22T00:00:00Z
KOSPI,000150,NASDAQ,NVDA,PARTNER,1Y,24.421626,,24.421626,,0.7,2,rel-v0.5-full,2026-09-22T00:00:00Z
KOSPI,000150,NASDAQ,NVDA,PARTNER,10Y,24.421626,,24.421626,,0.7,2,rel-v0.5-full,2026-09-22T00:00:00Z
KOSPI,000270,KOSPI,000720,PARTNER,10Y,30.232367,,30.232367,,0.6,3,rel-v0.5-full,2026-09-22T00:00:00Z
KOSPI,000270,KOSPI,005380,PARTNER,30D,30.232367,,32.226467,,0.6,3,rel-v0.5-full,2026-09-22T00:00:00Z
KOSPI,000270,KOSPI,005380,PARTNER,90D,30.232367,,32.226467,,0.6,3,rel-v0.5-full,2026-09-22T00:00:00Z
KOSPI,000270,KOSPI,005380,PARTNER,1Y,30.232367,,32.226467,,0.6,3,rel-v0.5-full,2026-09-22T00:00:00Z
KOSPI,000270,KOSPI,005380,PARTNER,10Y,99.869297,,100.0,,0.603636,55,rel-v0.5-full,2026-09-22T00:00:00Z
KOSPI,000270,KOSPI,012330,COMPETE,10Y,11.307956,,13.066856,,0.6,1,rel-v0.5-full,2026-09-22T00:00:00Z
KOSPI,000270,KOSPI,012330,PARTNER,10Y,67.372021,,69.130921,,0.8,7,rel-v0.5-full,2026-09-22T00:00:00Z
KOSPI,000270,KOSPI,030200,COMPETE,30D,40.547945,,40.547945,,0.65,4,rel-v0.5-full,2026-09-22T00:00:00Z
KOSPI,000270,KOSPI,030200,COMPETE,90D,40.547945,,40.547945,,0.65,4,rel-v0.5-full,2026-09-22T00:00:00Z
KOSPI,000270,KOSPI,030200,COMPETE,1Y,40.547945,,40.547945,,0.65,4,rel-v0.5-full,2026-09-22T00:00:00Z
KOSPI,000270,KOSPI,030200,COMPETE,10Y,94.157433,,94.157433,,0.67619,21,rel-v0.5-full,2026-09-22T00:00:00Z
KOSPI,000270,KOSPI,030200,PARTNER,90D,14.785621,,14.785621,,0.8,1,rel-v0.5-full,2026-09-22T00:00:00Z
KOSPI,000270,KOSPI,030200,PARTNER,1Y,14.785621,,14.785621,,0.8,1,rel-v0.5-full,2026-09-22T00:00:00Z
KOSPI,000270,KOSPI,030200,PARTNER,10Y,14.785621,,14.785621,,0.8,1,rel-v0.5-full,2026-09-22T00:00:00Z
KOSPI,000270,KOSPI,034730,PARTNER,10Y,24.421626,,24.421626,,0.7,2,rel-v0.5-full,2026-09-22T00:00:00Z
KOSPI,000270,KOSPI,035420,PARTNER,10Y,14.785621,,14.785621,,0.8,1,rel-v0.5-full,2026-09-22T00:00:00Z
KOSPI,000270,KOSPI,035720,PARTNER,10Y,42.879094,,42.879094,,0.7,4,rel-v0.5-full,2026-09-22T00:00:00Z
KOSPI,000270,KOSPI,055550,COMPETE,10Y,21.337214,,21.337214,,0.6,2,rel-v0.5-full,2026-09-22T00:00:00Z
KOSPI,000270,KOSPI,055550,PARTNER,10Y,14.785621,,14.785621,,0.8,1,rel-v0.5-full,2026-09-22T00:00:00Z
KOSPI,000270,KOSPI,064350,PARTNER,10Y,38.121661,,38.121661,,0.6,4,rel-v0.5-full,2026-09-22T00:00:00Z
KOSPI,000270,KOSPI,066570,PARTNER,10Y,32.967995,,32.967995,,0.666667,3,rel-v0.5-full,2026-09-22T00:00:00Z
KOSPI,000270,KOSPI,086280,PARTNER,10Y,14.785621,,16.190521,,0.8,1,rel-v0.5-full,2026-09-22T00:00:00Z
KOSPI,000270,KOSPI,096770,PARTNER,10Y,75.340304,,75.340304,,0.777778,9,rel-v0.5-full,2026-09-22T00:00:00Z
KOSPI,000270,KOSPI,161390,PARTNER,10Y,30.232367,,30.232367,,0.6,3,rel-v0.5-full,2026-09-22T00:00:00Z
KOSPI,000270,NASDAQ,AAPL,PARTNER,10Y,85.339304,,85.339304,,0.685714,14,rel-v0.5-full,2026-09-22T00:00:00Z
KOSPI,000270,NASDAQ,AMZN,COMPETE,10Y,11.307956,,11.307956,,0.6,1,rel-v0.5-full,2026-09-22T00:00:00Z
KOSPI,000270,NASDAQ,GOOGL,PARTNER,10Y,30.232367,,30.232367,,0.6,3,rel-v0.5-full,2026-09-22T00:00:00Z
KOSPI,000270,NASDAQ,MSFT,PARTNER,10Y,18.126925,,18.126925,,1.0,1,rel-v0.5-full,2026-09-22T00:00:00Z
KOSPI,000270,NASDAQ,TSLA,COMPETE,30D,11.307956,,11.307956,,0.6,1,rel-v0.5-full,2026-09-22T00:00:00Z
KOSPI,000270,NASDAQ,TSLA,COMPETE,90D,11.307956,,11.307956,,0.6,1,rel-v0.5-full,2026-09-22T00:00:00Z
KOSPI,000270,NASDAQ,TSLA,COMPETE,1Y,21.337214,,21.337214,,0.6,2,rel-v0.5-full,2026-09-22T00:00:00Z
KOSPI,000270,NASDAQ,TSLA,COMPETE,10Y,56.828948,,56.828948,,0.6,7,rel-v0.5-full,2026-09-22T00:00:00Z
KOSPI,000660,KOSPI,005380,PARTNER,10Y,14.785621,,14.785621,,0.8,1,rel-v0.5-full,2026-09-22T00:00:00Z
KOSPI,000660,KOSPI,005490,PARTNER,10Y,74.333922,,74.333922,,0.618182,11,rel-v0.5-full,2026-09-22T00:00:00Z
KOSPI,000660,KOSPI,005930,COMPETE,30D,49.338301,,51.514201,,0.68,5,rel-v0.5-full,2026-09-22T00:00:00Z
KOSPI,000660,KOSPI,005930,COMPETE,90D,58.521709,,60.697609,,0.733333,6,rel-v0.5-full,2026-09-22T00:00:00Z
KOSPI,000660,KOSPI,005930,COMPETE,1Y,66.040447,,68.216347,,0.771429,7,rel-v0.5-full,2026-09-22T00:00:00Z
KOSPI,000660,KOSPI,005930,COMPETE,10Y,99.931081,,100.0,,0.686792,53,rel-v0.5-full,2026-09-22T00:00:00Z
KOSPI,000660,KOSPI,005930,PARTNER,30D,11.307956,,13.483856,,0.6,1,rel-v0.5-full,2026-09-22T00:00:00Z
KOSPI,000660,KOSPI,005930,PARTNER,90D,11.307956,,13.483856,,0.6,1,rel-v0.5-full,2026-09-22T00:00:00Z
KOSPI,000660,KOSPI,005930,PARTNER,1Y,11.307956,,13.483856,,0.6,1,rel-v0.5-full,2026-09-22T00:00:00Z
KOSPI,000660,KOSPI,005930,PARTNER,10Y,49.338301,,51.514201,,0.68,5,rel-v0.5-full,2026-09-22T00:00:00Z
KOSPI,000660,KOSPI,005930,SUPPLY,1Y,18.126925,,20.302825,,1.0,1,rel-v0.5-full,2026-09-22T00:00:00Z
KOSPI,000660,KOSPI,005930,SUPPLY,10Y,28.822968,,30.998868,,0.85,2,rel-v0.5-full,2026-09-22T00:00:00Z
KOSPI,000660,KOSPI,009150,PARTNER,30D,11.307956,,11.307956,,0.6,1,rel-v0.5-full,2026-09-22T00:00:00Z
KOSPI,000660,KOSPI,009150,PARTNER,90D,11.307956,,11.307956,,0.6,1,rel-v0.5-full,2026-09-22T00:00:00Z
KOSPI,000660,KOSPI,009150,PARTNER,1Y,11.307956,,11.307956,,0.6,1,rel-v0.5-full,2026-09-22T00:00:00Z
KOSPI,000660,KOSPI,009150,PARTNER,10Y,11.307956,,11.307956,,0.6,1,rel-v0.5-full,2026-09-22T00:00:00Z
KOSPI,000660,KOSPI,012330,PARTNER,10Y,14.785621,,14.785621,,0.8,1,rel-v0.5-full,2026-09-22T00:00:00Z
KOSPI,000660,KOSPI,017670,PARTNER,10Y,71.061578,,71.061578,,0.62,10,rel-v0.5-full,2026-09-22T00:00:00Z
KOSPI,000660,KOSPI,042700,COMPETE,10Y,11.307956,,12.430856,,0.6,1,rel-v0.5-full,2026-09-22T00:00:00Z
KOSPI,000660,KOSPI,042700,PARTNER,10Y,21.337214,,22.460114,,0.6,2,rel-v0.5-full,2026-09-22T00:00:00Z
KOSPI,000660,KOSPI,096770,PARTNER,10Y,14.785621,,14.785621,,0.8,1,rel-v0.5-full,2026-09-22T00:00:00Z
KOSPI,000660,KOSPI,402340,PARTNER,10Y,47.270758,,49.558258,,0.8,4,rel-v0.5-full,2026-09-22T00:00:00Z
KOSPI,000660,NASDAQ,AAPL,COMPETE,10Y,32.967995,,32.967995,,0.666667,3,rel-v0.5-full,2026-09-22T00:00:00Z
KOSPI,000660,NASDAQ,AAPL,PARTNER,10Y,30.232367,,30.232367,,0.6,3,rel-v0.5-full,2026-09-22T00:00:00Z
KOSPI,000660,NASDAQ,AAPL,SUPPLY,10Y,24.421626,,24.421626,,0.7,2,rel-v0.5-full,2026-09-22T00:00:00Z
KOSPI,000660,NASDAQ,AMAT,PARTNER,1Y,45.118836,,45.118836,,1.0,3,rel-v0.5-full,2026-09-22T00:00:00Z
KOSPI,000660,NASDAQ,AMAT,PARTNER,10Y,45.118836,,45.118836,,1.0,3,rel-v0.5-full,2026-09-22T00:00:00Z
KOSPI,000660,NASDAQ,AMAT,SUPPLY,1Y,18.126925,,18.126925,,1.0,1,rel-v0.5-full,2026-09-22T00:00:00Z
KOSPI,000660,NASDAQ,AMAT,SUPPLY,10Y,18.126925,,18.126925,,1.0,1,rel-v0.5-full,2026-09-22T00:00:00Z
KOSPI,000660,NASDAQ,AMZN,SUPPLY,10Y,13.064176,,13.064176,,0.7,1,rel-v0.5-full,2026-09-22T00:00:00Z
KOSPI,000660,NASDAQ,ASML,PARTNER,10Y,88.467488,,88.467488,,0.675,16,rel-v0.5-full,2026-09-22T00:00:00Z
KOSPI,000660,NASDAQ,INTC,COMPETE,10Y,98.240253,,98.240253,,0.63125,32,rel-v0.5-full,2026-09-22T00:00:00Z
KOSPI,000660,NASDAQ,INTC,PARTNER,10Y,96.526474,,96.526474,,0.646154,26,rel-v0.5-full,2026-09-22T00:00:00Z
KOSPI,000660,NASDAQ,KLAC,PARTNER,10Y,21.337214,,21.337214,,0.6,2,rel-v0.5-full,2026-09-22T00:00:00Z
KOSPI,000660,NASDAQ,META,PARTNER,10Y,11.307956,,11.307956,,0.6,1,rel-v0.5-full,2026-09-22T00:00:00Z
KOSPI,000660,NASDAQ,MSFT,PARTNER,10Y,14.785621,,14.785621,,0.8,1,rel-v0.5-full,2026-09-22T00:00:00Z
KOSPI,000660,NASDAQ,MU,COMPETE,10Y,99.805014,,99.805014,,0.709091,44,rel-v0.5-full,2026-09-22T00:00:00Z
KOSPI,000660,NASDAQ,MU,SUPPLY,10Y,13.064176,,13.064176,,0.7,1,rel-v0.5-full,2026-09-22T00:00:00Z
KOSPI,000660,NASDAQ,NVDA,COMPETE,30D,11.307956,,11.307956,,0.6,1,rel-v0.5-full,2026-09-22T00:00:00Z
KOSPI,000660,NASDAQ,NVDA,COMPETE,90D,11.307956,,11.307956,,0.6,1,rel-v0.5-full,2026-09-22T00:00:00Z
KOSPI,000660,NASDAQ,NVDA,COMPETE,1Y,35.596358,,35.596358,,0.733333,3,rel-v0.5-full,2026-09-22T00:00:00Z
KOSPI,000660,NASDAQ,NVDA,COMPETE,10Y,78.128811,,78.128811,,0.633333,12,rel-v0.5-full,2026-09-22T00:00:00Z
KOSPI,000660,NASDAQ,NVDA,PARTNER,30D,63.212056,,63.212056,,0.714286,7,rel-v0.5-full,2026-09-22T00:00:00Z
KOSPI,000660,NASDAQ,NVDA,PARTNER,90D,69.880579,,69.880579,,0.75,8,rel-v0.5-full,2026-09-22T00:00:00Z
KOSPI,000660,NASDAQ,NVDA,PARTNER,1Y,81.362602,,81.362602,,0.763636,11,rel-v0.5-full,2026-09-22T00:00:00Z
KOSPI,000660,NASDAQ,NVDA,PARTNER,10Y,99.490757,,99.490757,,0.66,40,rel-v0.5-full,2026-09-22T00:00:00Z
KOSPI,000660,NASDAQ,NVDA,SUPPLY,1Y,41.725175,,41.725175,,0.9,3,rel-v0.5-full,2026-09-22T00:00:00Z
KOSPI,000660,NASDAQ,NVDA,SUPPLY,10Y,100.0,,100.0,,0.703077,195,rel-v0.5-full,2026-09-22T00:00:00Z
KOSPI,000660,NASDAQ,QCOM,COMPETE,10Y,21.337214,,21.337214,,0.6,2,rel-v0.5-full,2026-09-22T00:00:00Z
KOSPI,000660,NASDAQ,QCOM,PARTNER,10Y,84.118257,,84.118257,,0.613333,15,rel-v0.5-full,2026-09-22T00:00:00Z
KOSPI,000660,NASDAQ,SNDK,PARTNER,30D,21.337214,,21.337214,,0.6,2,rel-v0.5-full,2026-09-22T00:00:00Z
KOSPI,000660,NASDAQ,SNDK,PARTNER,90D,21.337214,,21.337214,,0.6,2,rel-v0.5-full,2026-09-22T00:00:00Z
KOSPI,000660,NASDAQ,SNDK,PARTNER,1Y,49.338301,,49.338301,,0.68,5,rel-v0.5-full,2026-09-22T00:00:00Z
KOSPI,000660,NASDAQ,SNDK,PARTNER,10Y,49.338301,,49.338301,,0.68,5,rel-v0.5-full,2026-09-22T00:00:00Z
KOSPI,000660,NASDAQ,STX,PARTNER,10Y,63.212056,,63.212056,,0.625,8,rel-v0.5-full,2026-09-22T00:00:00Z
KOSPI,000660,NASDAQ,WDC,PARTNER,10Y,21.337214,,21.337214,,0.6,2,rel-v0.5-full,2026-09-22T00:00:00Z
KOSPI,000720,KOSPI,003490,COMPETE,10Y,11.307956,,11.307956,,0.6,1,rel-v0.5-full,2026-09-22T00:00:00Z
KOSPI,000720,KOSPI,005380,PARTNER,10Y,69.880579,,69.880579,,0.666667,9,rel-v0.5-full,2026-09-22T00:00:00Z
KOSPI,000720,KOSPI,010140,PARTNER,10Y,14.785621,,14.785621,,0.8,1,rel-v0.5-full,2026-09-22T00:00:00Z
KOSPI,000720,KOSPI,012330,PARTNER,10Y,11.307956,,11.307956,,0.6,1,rel-v0.5-full,2026-09-22T00:00:00Z
KOSPI,000720,KOSPI,015760,PARTNER,10Y,14.785621,,14.785621,,0.8,1,rel-v0.5-full,2026-09-22T00:00:00Z
KOSPI,000720,KOSPI,024110,COMPETE,10Y,55.067104,,55.067104,,0.666667,6,rel-v0.5-full,2026-09-22T00:00:00Z
KOSPI,000720,KOSPI,024110,PARTNER,10Y,27.385096,,27.385096,,0.8,2,rel-v0.5-full,2026-09-22T00:00:00Z
KOSPI,000720,KOSPI,028050,PARTNER,10Y,24.421626,,24.421626,,0.7,2,rel-v0.5-full,2026-09-22T00:00:00Z
KOSPI,000720,KOSPI,028260,COMPETE,10Y,51.324774,,51.324774,,0.72,5,rel-v0.5-full,2026-09-22T00:00:00Z
KOSPI,000720,KOSPI,028260,PARTNER,10Y,61.710711,,61.710711,,0.8,6,rel-v0.5-full,2026-09-22T00:00:00Z
KOSPI,000720,KOSPI,030200,PARTNER,10Y,75.340304,,75.340304,,0.777778,9,rel-v0.5-full,2026-09-22T00:00:00Z
KOSPI,000720,KOSPI,035420,PARTNER,10Y,35.596358,,35.596358,,0.733333,3,rel-v0.5-full,2026-09-22T00:00:00Z
KOSPI,000720,KOSPI,047040,COMPETE,10Y,14.785621,,14.785621,,0.8,1,rel-v0.5-full,2026-09-22T00:00:00Z
KOSPI,000720,KOSPI,047040,PARTNER,10Y,53.233357,,53.233357,,0.76,5,rel-v0.5-full,2026-09-22T00:00:00Z
KOSPI,000720,KOSPI,047810,PARTNER,10Y,11.307956,,11.307956,,0.6,1,rel-v0.5-full,2026-09-22T00:00:00Z
KOSPI,000720,KOSPI,055550,PARTNER,10Y,66.040447,,66.040447,,0.771429,7,rel-v0.5-full,2026-09-22T00:00:00Z
KOSPI,000720,KOSPI,071050,PARTNER,10Y,55.067104,,55.067104,,0.8,5,rel-v0.5-full,2026-09-22T00:00:00Z
KOSPI,000720,KOSPI,090430,PARTNER,10Y,47.270758,,47.270758,,0.64,5,rel-v0.5-full,2026-09-22T00:00:00Z
KOSPI,000720,KOSPI,267260,PARTNER,10Y,58.521709,,58.521709,,0.733333,6,rel-v0.5-full,2026-09-22T00:00:00Z
KOSPI,000720,KOSPI,316140,PARTNER,10Y,14.785621,,14.785621,,0.8,1,rel-v0.5-full,2026-09-22T00:00:00Z
KOSPI,000810,KOSPI,003490,COMPETE,10Y,73.28647,,73.28647,,0.6,11,rel-v0.5-full,2026-09-22T00:00:00Z
KOSPI,000810,KOSPI,005830,COMPETE,10Y,69.880579,,69.880579,,0.75,8,rel-v0.5-full,2026-09-22T00:00:00Z
KOSPI,000810,KOSPI,005830,PARTNER,10Y,27.385096,,27.385096,,0.8,2,rel-v0.5-full,2026-09-22T00:00:00Z
KOSPI,000810,KOSPI,015760,COMPETE,10Y,53.233357,,53.233357,,0.633333,6,rel-v0.5-full,2026-09-22T00:00:00Z
KOSPI,000810,KOSPI,015760,PARTNER,10Y,14.785621,,14.785621,,0.8,1,rel-v0.5-full,2026-09-22T00:00:00Z
KOSPI,000810,KOSPI,035720,COMPETE,10Y,24.421626,,24.421626,,0.7,2,rel-v0.5-full,2026-09-22T00:00:00Z
KOSPI,000810,KOSPI,035720,PARTNER,10Y,35.596358,,35.596358,,0.733333,3,rel-v0.5-full,2026-09-22T00:00:00Z
KOSPI,000810,KOSPI,088350,PARTNER,10Y,14.785621,,14.785621,,0.8,1,rel-v0.5-full,2026-09-22T00:00:00Z
KOSPI,000880,KOSPI,006400,PARTNER,10Y,11.307956,,11.307956,,0.6,1,rel-v0.5-full,2026-09-22T00:00:00Z
KOSPI,000880,KOSPI,009540,COMPETE,10Y,11.307956,,11.307956,,0.6,1,rel-v0.5-full,2026-09-22T00:00:00Z
KOSPI,000880,KOSPI,009830,PARTNER,10Y,27.385096,,27.385096,,0.8,2,rel-v0.5-full,2026-09-22T00:00:00Z
KOSPI,000880,KOSPI,010130,PARTNER,10Y,58.521709,,58.521709,,0.628571,7,rel-v0.5-full,2026-09-22T00:00:00Z
KOSPI,000880,KOSPI,017670,PARTNER,10Y,40.547945,,40.547945,,0.65,4,rel-v0.5-full,2026-09-22T00:00:00Z
KOSPI,000880,KOSPI,024110,PARTNER,10Y,11.307956,,11.307956,,0.6,1,rel-v0.5-full,2026-09-22T00:00:00Z
KOSPI,000880,KOSPI,047810,PARTNER,30D,11.307956,,11.307956,,0.6,1,rel-v0.5-full,2026-09-22T00:00:00Z
KOSPI,000880,KOSPI,047810,PARTNER,90D,11.307956,,11.307956,,0.6,1,rel-v0.5-full,2026-09-22T00:00:00Z
KOSPI,000880,KOSPI,047810,PARTNER,1Y,11.307956,,11.307956,,0.6,1,rel-v0.5-full,2026-09-22T00:00:00Z
KOSPI,000880,KOSPI,047810,PARTNER,10Y,11.307956,,11.307956,,0.6,1,rel-v0.5-full,2026-09-22T00:00:00Z
KOSPI,000880,KOSPI,051910,PARTNER,10Y,14.785621,,14.785621,,0.8,1,rel-v0.5-full,2026-09-22T00:00:00Z
KOSPI,000880,KOSPI,055550,COMPETE,10Y,14.785621,,14.785621,,0.8,1,rel-v0.5-full,2026-09-22T00:00:00Z
KOSPI,000880,KOSPI,055550,PARTNER,10Y,21.337214,,21.337214,,0.6,2,rel-v0.5-full,2026-09-22T00:00:00Z
KOSPI,000880,KOSPI,064350,PARTNER,10Y,55.067104,,55.067104,,0.8,5,rel-v0.5-full,2026-09-22T00:00:00Z
KOSPI,000880,KOSPI,079550,COMPETE,10Y,42.879094,,42.879094,,0.7,4,rel-v0.5-full,2026-09-22T00:00:00Z
KOSPI,000880,KOSPI,086790,COMPETE,10Y,11.307956,,11.307956,,0.6,1,rel-v0.5-full,2026-09-22T00:00:00Z
KOSPI,000880,KOSPI,086790,PARTNER,10Y,55.067104,,55.067104,,0.8,5,rel-v0.5-full,2026-09-22T00:00:00Z
KOSPI,000880,KOSPI,272210,PARTNER,10Y,11.307956,,11.307956,,0.6,1,rel-v0.5-full,2026-09-22T00:00:00Z
KOSPI,001440,KOSPI,009830,PARTNER,10Y,35.596358,,35.596358,,0.733333,3,rel-v0.5-full,2026-09-22T00:00:00Z
KOSPI,001440,KOSPI,015760,SUPPLY,10Y,24.421626,,24.421626,,0.7,2,rel-v0.5-full,2026-09-22T00:00:00Z
KOSPI,001440,KOSPI,086790,PARTNER,10Y,72.19627,,72.19627,,0.8,8,rel-v0.5-full,2026-09-22T00:00:00Z
KOSPI,003230,KOSPI,003550,PARTNER,10Y,11.307956,,11.307956,,0.6,1,rel-v0.5-full,2026-09-22T00:00:00Z
KOSPI,003490,KOSPI,005380,PARTNER,10Y,27.385096,,27.385096,,0.8,2,rel-v0.5-full,2026-09-22T00:00:00Z
KOSPI,003490,KOSPI,005930,PARTNER,10Y,61.710711,,61.710711,,0.6,8,rel-v0.5-full,2026-09-22T00:00:00Z
KOSPI,003490,KOSPI,006800,PARTNER,10Y,69.880579,,69.880579,,0.6,10,rel-v0.5-full,2026-09-22T00:00:00Z
KOSPI,003490,KOSPI,015760,COMPETE,10Y,53.233357,,53.233357,,0.633333,6,rel-v0.5-full,2026-09-22T00:00:00Z
KOSPI,003490,KOSPI,030200,PARTNER,10Y,38.121661,,38.121661,,0.8,3,rel-v0.5-full,2026-09-22T00:00:00Z
KOSPI,003490,KOSPI,032830,COMPETE,10Y,11.307956,,11.307956,,0.6,1,rel-v0.5-full,2026-09-22T00:00:00Z
KOSPI,003490,KOSPI,034730,PARTNER,10Y,85.339304,,85.339304,,0.64,15,rel-v0.5-full,2026-09-22T00:00:00Z
KOSPI,003490,KOSPI,035420,PARTNER,10Y,92.863873,,92.863873,,0.694737,19,rel-v0.5-full,2026-09-22T00:00:00Z
KOSPI,003490,KOSPI,035720,PARTNER,10Y,83.470111,,83.470111,,0.75,12,rel-v0.5-full,2026-09-22T00:00:00Z
KOSPI,003490,KOSPI,047810,PARTNER,10Y,27.385096,,27.385096,,0.8,2,rel-v0.5-full,2026-09-22T00:00:00Z
KOSPI,003490,KOSPI,064400,PARTNER,10Y,51.324774,,51.324774,,0.6,6,rel-v0.5-full,2026-09-22T00:00:00Z
KOSPI,003490,KOSPI,079550,PARTNER,1Y,14.785621,,14.785621,,0.8,1,rel-v0.5-full,2026-09-22T00:00:00Z
KOSPI,003490,KOSPI,079550,PARTNER,10Y,27.385096,,27.385096,,0.8,2,rel-v0.5-full,2026-09-22T00:00:00Z
KOSPI,003490,KOSPI,180640,PARTNER,30D,11.307956,,12.396056,,0.6,1,rel-v0.5-full,2026-09-22T00:00:00Z
KOSPI,003490,KOSPI,180640,PARTNER,90D,11.307956,,12.396056,,0.6,1,rel-v0.5-full,2026-09-22T00:00:00Z
KOSPI,003490,KOSPI,180640,PARTNER,1Y,11.307956,,12.396056,,0.6,1,rel-v0.5-full,2026-09-22T00:00:00Z
KOSPI,003490,KOSPI,180640,PARTNER,10Y,30.232367,,31.320467,,0.6,3,rel-v0.5-full,2026-09-22T00:00:00Z
KOSPI,003490,KOSPI,180640,SUPPLY,10Y,13.064176,,14.152276,,0.7,1,rel-v0.5-full,2026-09-22T00:00:00Z
KOSPI,003490,NASDAQ,AMZN,PARTNER,10Y,24.421626,,24.421626,,0.7,2,rel-v0.5-full,2026-09-22T00:00:00Z
KOSPI,003490,NASDAQ,BKNG,PARTNER,10Y,11.307956,,11.307956,,0.6,1,rel-v0.5-full,2026-09-22T00:00:00Z
KOSPI,003490,NASDAQ,SBUX,PARTNER,10Y,55.067104,,55.067104,,0.8,5,rel-v0.5-full,2026-09-22T00:00:00Z
KOSPI,003550,KOSPI,005380,COMPETE,10Y,11.307956,,11.307956,,0.6,1,rel-v0.5-full,2026-09-22T00:00:00Z
KOSPI,003550,KOSPI,005380,PARTNER,10Y,21.337214,,21.337214,,0.6,2,rel-v0.5-full,2026-09-22T00:00:00Z
KOSPI,003550,KOSPI,005490,PARTNER,10Y,14.785621,,14.785621,,0.8,1,rel-v0.5-full,2026-09-22T00:00:00Z
KOSPI,003550,KOSPI,017670,COMPETE,90D,14.785621,,14.785621,,0.8,1,rel-v0.5-full,2026-09-22T00:00:00Z
KOSPI,003550,KOSPI,017670,COMPETE,1Y,14.785621,,14.785621,,0.8,1,rel-v0.5-full,2026-09-22T00:00:00Z
KOSPI,003550,KOSPI,017670,COMPETE,10Y,14.785621,,14.785621,,0.8,1,rel-v0.5-full,2026-09-22T00:00:00Z
KOSPI,003550,KOSPI,034730,PARTNER,10Y,83.470111,,83.470111,,0.75,12,rel-v0.5-full,2026-09-22T00:00:00Z
KOSPI,003550,KOSPI,035420,COMPETE,10Y,14.785621,,14.785621,,0.8,1,rel-v0.5-full,2026-09-22T00:00:00Z
KOSPI,003550,KOSPI,035420,PARTNER,1Y,14.785621,,14.785621,,0.8,1,rel-v0.5-full,2026-09-22T00:00:00Z
KOSPI,003550,KOSPI,035420,PARTNER,10Y,14.785621,,14.785621,,0.8,1,rel-v0.5-full,2026-09-22T00:00:00Z
KOSPI,003550,KOSPI,064400,PARTNER,1Y,18.126925,,19.452925,,1.0,1,rel-v0.5-full,2026-09-22T00:00:00Z
KOSPI,003550,KOSPI,064400,PARTNER,10Y,18.126925,,19.452925,,1.0,1,rel-v0.5-full,2026-09-22T00:00:00Z
KOSPI,003550,KOSPI,096770,PARTNER,10Y,27.385096,,27.385096,,0.8,2,rel-v0.5-full,2026-09-22T00:00:00Z
KOSPI,003550,KOSPI,105560,PARTNER,10Y,27.385096,,27.385096,,0.8,2,rel-v0.5-full,2026-09-22T00:00:00Z
KOSPI,003550,KOSPI,267250,PARTNER,10Y,14.785621,,14.785621,,0.8,1,rel-v0.5-full,2026-09-22T00:00:00Z
KOSPI,003550,NASDAQ,AAPL,COMPETE,10Y,11.307956,,11.307956,,0.6,1,rel-v0.5-full,2026-09-22T00:00:00Z
KOSPI,003550,NASDAQ,AMZN,COMPETE,10Y,11.307956,,11.307956,,0.6,1,rel-v0.5-full,2026-09-22T00:00:00Z
KOSPI,003550,NASDAQ,GOOGL,PARTNER,10Y,11.307956,,11.307956,,0.6,1,rel-v0.5-full,2026-09-22T00:00:00Z
KOSPI,003550,NASDAQ,NVDA,PARTNER,30D,11.307956,,11.307956,,0.6,1,rel-v0.5-full,2026-09-22T00:00:00Z
KOSPI,003550,NASDAQ,NVDA,PARTNER,90D,11.307956,,11.307956,,0.6,1,rel-v0.5-full,2026-09-22T00:00:00Z
KOSPI,003550,NASDAQ,NVDA,PARTNER,1Y,11.307956,,11.307956,,0.6,1,rel-v0.5-full,2026-09-22T00:00:00Z
KOSPI,003550,NASDAQ,NVDA,PARTNER,10Y,11.307956,,11.307956,,0.6,1,rel-v0.5-full,2026-09-22T00:00:00Z
KOSPI,003670,KOSPI,006400,PARTNER,10Y,56.828948,,58.796648,,0.6,7,rel-v0.5-full,2026-09-22T00:00:00Z
KOSPI,003670,KOSPI,006400,SUPPLY,10Y,95.404074,,97.371774,,0.7,22,rel-v0.5-full,2026-09-22T00:00:00Z
KOSPI,003670,KOSPI,047050,PARTNER,10Y,11.307956,,11.307956,,0.6,1,rel-v0.5-full,2026-09-22T00:00:00Z
KOSPI,003670,KOSPI,051910,PARTNER,10Y,45.118836,,46.732536,,0.75,4,rel-v0.5-full,2026-09-22T00:00:00Z
KOSPI,003670,KOSPI,051910,SUPPLY,10Y,24.421626,,26.035326,,0.7,2,rel-v0.5-full,2026-09-22T00:00:00Z
KOSPI,003670,KOSPI,066970,COMPETE,10Y,11.307956,,13.444556,,0.6,1,rel-v0.5-full,2026-09-22T00:00:00Z
KOSPI,003670,KOSPI,068270,COMPETE,10Y,14.785621,,14.785621,,0.8,1,rel-v0.5-full,2026-09-22T00:00:00Z
KOSPI,003670,KOSPI,096770,PARTNER,10Y,24.421626,,25.622226,,0.7,2,rel-v0.5-full,2026-09-22T00:00:00Z
KOSPI,003670,KOSPI,096770,SUPPLY,10Y,13.064176,,14.264776,,0.7,1,rel-v0.5-full,2026-09-22T00:00:00Z
KOSPI,003670,KOSPI,316140,PARTNER,10Y,77.236231,,77.236231,,0.672727,11,rel-v0.5-full,2026-09-22T00:00:00Z
KOSPI,003670,KOSPI,373220,PARTNER,10Y,99.888622,,100.0,,0.618182,55,rel-v0.5-full,2026-09-22T00:00:00Z
KOSPI,003670,KOSPI,373220,SUPPLY,10Y,50.34147,,52.44927,,0.7,5,rel-v0.5-full,2026-09-22T00:00:00Z
KOSPI,005380,KOSPI,005490,COMPETE,10Y,14.785621,,14.785621,,0.8,1,rel-v0.5-full,2026-09-22T00:00:00Z
KOSPI,005380,KOSPI,005490,PARTNER,10Y,90.557978,,90.557978,,0.7375,16,rel-v0.5-full,2026-09-22T00:00:00Z
KOSPI,005380,KOSPI,005930,PARTNER,10Y,91.283915,,91.283915,,0.717647,17,rel-v0.5-full,2026-09-22T00:00:00Z
KOSPI,005380,KOSPI,006400,COMPETE,10Y,32.967995,,32.967995,,0.666667,3,rel-v0.5-full,2026-09-22T00:00:00Z
KOSPI,005380,KOSPI,006400,PARTNER,10Y,45.118836,,45.118836,,0.75,4,rel-v0.5-full,2026-09-22T00:00:00Z
KOSPI,005380,KOSPI,009540,PARTNER,1Y,11.307956,,11.307956,,0.6,1,rel-v0.5-full,2026-09-22T00:00:00Z
KOSPI,005380,KOSPI,009540,PARTNER,10Y,11.307956,,11.307956,,0.6,1,rel-v0.5-full,2026-09-22T00:00:00Z
KOSPI,005380,KOSPI,010120,PARTNER,10Y,76.307224,,76.307224,,0.8,9,rel-v0.5-full,2026-09-22T00:00:00Z
KOSPI,005380,KOSPI,010130,PARTNER,30D,11.307956,,11.307956,,0.6,1,rel-v0.5-full,2026-09-22T00:00:00Z
KOSPI,005380,KOSPI,010130,PARTNER,90D,11.307956,,11.307956,,0.6,1,rel-v0.5-full,2026-09-22T00:00:00Z
KOSPI,005380,KOSPI,010130,PARTNER,1Y,11.307956,,11.307956,,0.6,1,rel-v0.5-full,2026-09-22T00:00:00Z
KOSPI,005380,KOSPI,010130,PARTNER,10Y,51.324774,,51.324774,,0.72,5,rel-v0.5-full,2026-09-22T00:00:00Z
KOSPI,005380,KOSPI,010140,PARTNER,10Y,14.785621,,14.785621,,0.8,1,rel-v0.5-full,2026-09-22T00:00:00Z
KOSPI,005380,KOSPI,010950,PARTNER,10Y,27.385096,,27.385096,,0.8,2,rel-v0.5-full,2026-09-22T00:00:00Z
KOSPI,005380,KOSPI,012330,COMPETE,10Y,51.324774,,53.432574,,0.72,5,rel-v0.5-full,2026-09-22T00:00:00Z
KOSPI,005380,KOSPI,012330,PARTNER,10Y,38.121661,,40.229461,,0.8,3,rel-v0.5-full,2026-09-22T00:00:00Z
KOSPI,005380,KOSPI,012330,SUPPLY,10Y,13.064176,,15.171976,,0.7,1,rel-v0.5-full,2026-09-22T00:00:00Z
KOSPI,005380,KOSPI,015760,COMPETE,10Y,11.307956,,11.307956,,0.6,1,rel-v0.5-full,2026-09-22T00:00:00Z
KOSPI,005380,KOSPI,017670,COMPETE,10Y,27.385096,,27.385096,,0.8,2,rel-v0.5-full,2026-09-22T00:00:00Z
KOSPI,005380,KOSPI,017670,PARTNER,10Y,51.324774,,51.324774,,0.72,5,rel-v0.5-full,2026-09-22T00:00:00Z
KOSPI,005380,KOSPI,030200,PARTNER,30D,69.880579,,69.880579,,0.75,8,rel-v0.5-full,2026-09-22T00:00:00Z
KOSPI,005380,KOSPI,030200,PARTNER,90D,69.880579,,69.880579,,0.75,8,rel-v0.5-full,2026-09-22T00:00:00Z
KOSPI,005380,KOSPI,030200,PARTNER,1Y,74.333922,,74.333922,,0.755556,9,rel-v0.5-full,2026-09-22T00:00:00Z
KOSPI,005380,KOSPI,030200,PARTNER,10Y,83.470111,,83.470111,,0.75,12,rel-v0.5-full,2026-09-22T00:00:00Z
KOSPI,005380,KOSPI,032640,PARTNER,10Y,21.337214,,21.337214,,0.6,2,rel-v0.5-full,2026-09-22T00:00:00Z
KOSPI,005380,KOSPI,034730,COMPETE,10Y,47.270758,,47.270758,,0.8,4,rel-v0.5-full,2026-09-22T00:00:00Z
KOSPI,005380,KOSPI,034730,PARTNER,10Y,99.510725,,99.510725,,0.738889,36,rel-v0.5-full,2026-09-22T00:00:00Z
KOSPI,005380,KOSPI,034730,SUPPLY,10Y,13.064176,,13.064176,,0.7,1,rel-v0.5-full,2026-09-22T00:00:00Z
KOSPI,005380,KOSPI,035420,COMPETE,30D,14.785621,,14.785621,,0.8,1,rel-v0.5-full,2026-09-22T00:00:00Z
KOSPI,005380,KOSPI,035420,COMPETE,90D,14.785621,,14.785621,,0.8,1,rel-v0.5-full,2026-09-22T00:00:00Z
KOSPI,005380,KOSPI,035420,COMPETE,1Y,14.785621,,14.785621,,0.8,1,rel-v0.5-full,2026-09-22T00:00:00Z
KOSPI,005380,KOSPI,035420,COMPETE,10Y,27.385096,,27.385096,,0.8,2,rel-v0.5-full,2026-09-22T00:00:00Z
KOSPI,005380,KOSPI,035420,PARTNER,10Y,73.28647,,73.28647,,0.733333,9,rel-v0.5-full,2026-09-22T00:00:00Z
KOSPI,005380,KOSPI,035720,PARTNER,10Y,51.324774,,51.324774,,0.72,5,rel-v0.5-full,2026-09-22T00:00:00Z
KOSPI,005380,KOSPI,042660,PARTNER,10Y,14.785621,,14.785621,,0.8,1,rel-v0.5-full,2026-09-22T00:00:00Z
KOSPI,005380,KOSPI,051910,PARTNER,10Y,86.997129,,86.997129,,0.784615,13,rel-v0.5-full,2026-09-22T00:00:00Z
KOSPI,005380,KOSPI,055550,PARTNER,10Y,38.121661,,38.121661,,0.8,3,rel-v0.5-full,2026-09-22T00:00:00Z
KOSPI,005380,KOSPI,064350,PARTNER,10Y,27.385096,,27.385096,,0.8,2,rel-v0.5-full,2026-09-22T00:00:00Z
KOSPI,005380,KOSPI,064400,PARTNER,10Y,21.337214,,21.337214,,0.6,2,rel-v0.5-full,2026-09-22T00:00:00Z
KOSPI,005380,KOSPI,066570,PARTNER,30D,14.785621,,15.750421,,0.8,1,rel-v0.5-full,2026-09-22T00:00:00Z
KOSPI,005380,KOSPI,066570,PARTNER,90D,14.785621,,15.750421,,0.8,1,rel-v0.5-full,2026-09-22T00:00:00Z
KOSPI,005380,KOSPI,066570,PARTNER,1Y,14.785621,,15.750421,,0.8,1,rel-v0.5-full,2026-09-22T00:00:00Z
KOSPI,005380,KOSPI,066570,PARTNER,10Y,83.470111,,84.434911,,0.75,12,rel-v0.5-full,2026-09-22T00:00:00Z
KOSPI,005380,KOSPI,078930,PARTNER,10Y,14.785621,,14.785621,,0.8,1,rel-v0.5-full,2026-09-22T00:00:00Z
KOSPI,005380,KOSPI,086280,PARTNER,10Y,58.521709,,60.102409,,0.733333,6,rel-v0.5-full,2026-09-22T00:00:00Z
KOSPI,005380,KOSPI,096770,PARTNER,10Y,14.785621,,14.785621,,0.8,1,rel-v0.5-full,2026-09-22T00:00:00Z
KOSPI,005380,KOSPI,161390,COMPETE,10Y,11.307956,,11.307956,,0.6,1,rel-v0.5-full,2026-09-22T00:00:00Z
KOSPI,005380,KOSPI,161390,PARTNER,10Y,42.879094,,42.879094,,0.7,4,rel-v0.5-full,2026-09-22T00:00:00Z
KOSPI,005380,KOSPI,175330,PARTNER,10Y,47.270758,,47.270758,,0.8,4,rel-v0.5-full,2026-09-22T00:00:00Z
KOSPI,005380,KOSPI,259960,PARTNER,10Y,11.307956,,11.307956,,0.6,1,rel-v0.5-full,2026-09-22T00:00:00Z
KOSPI,005380,KOSPI,267250,PARTNER,10Y,14.785621,,14.785621,,0.8,1,rel-v0.5-full,2026-09-22T00:00:00Z
KOSPI,005380,KOSPI,267260,PARTNER,10Y,51.324774,,51.324774,,0.72,5,rel-v0.5-full,2026-09-22T00:00:00Z
KOSPI,005380,KOSPI,272210,COMPETE,10Y,14.785621,,14.785621,,0.8,1,rel-v0.5-full,2026-09-22T00:00:00Z
KOSPI,005380,KOSPI,272210,PARTNER,10Y,38.121661,,38.121661,,0.8,3,rel-v0.5-full,2026-09-22T00:00:00Z
KOSPI,005380,KOSPI,307950,PARTNER,10Y,32.967995,,34.834595,,0.666667,3,rel-v0.5-full,2026-09-22T00:00:00Z
KOSPI,005380,KOSPI,329180,COMPETE,10Y,24.421626,,24.421626,,0.7,2,rel-v0.5-full,2026-09-22T00:00:00Z
KOSPI,005380,KOSPI,329180,PARTNER,10Y,47.270758,,47.270758,,0.8,4,rel-v0.5-full,2026-09-22T00:00:00Z
KOSPI,005380,KOSPI,373220,COMPETE,10Y,11.307956,,11.307956,,0.6,1,rel-v0.5-full,2026-09-22T00:00:00Z
KOSPI,005380,KOSPI,373220,PARTNER,1Y,63.212056,,63.212056,,0.833333,6,rel-v0.5-full,2026-09-22T00:00:00Z
KOSPI,005380,KOSPI,373220,PARTNER,10Y,99.999969,,99.999969,,0.742574,101,rel-v0.5-full,2026-09-22T00:00:00Z
KOSPI,005380,NASDAQ,AAPL,PARTNER,10Y,99.697245,,99.697245,,0.674419,43,rel-v0.5-full,2026-09-22T00:00:00Z
KOSPI,005380,NASDAQ,AMZN,PARTNER,10Y,92.572642,,92.572642,,0.684211,19,rel-v0.5-full,2026-09-22T00:00:00Z
KOSPI,005380,NASDAQ,CSCO,PARTNER,10Y,21.337214,,21.337214,,0.6,2,rel-v0.5-full,2026-09-22T00:00:00Z
KOSPI,005380,NASDAQ,GOOGL,PARTNER,10Y,69.880579,,69.880579,,0.666667,9,rel-v0.5-full,2026-09-22T00:00:00Z
KOSPI,005380,NASDAQ,MSFT,PARTNER,10Y,76.307224,,76.307224,,0.72,10,rel-v0.5-full,2026-09-22T00:00:00Z
KOSPI,005380,NASDAQ,NVDA,PARTNER,1Y,86.997129,,86.997129,,0.85,12,rel-v0.5-full,2026-09-22T00:00:00Z
KOSPI,005380,NASDAQ,NVDA,PARTNER,10Y,92.572642,,92.572642,,0.8125,16,rel-v0.5-full,2026-09-22T00:00:00Z
KOSPI,005380,NASDAQ,NXPI,PARTNER,10Y,21.337214,,21.337214,,0.6,2,rel-v0.5-full,2026-09-22T00:00:00Z
KOSPI,005380,NASDAQ,QCOM,PARTNER,10Y,21.337214,,21.337214,,0.6,2,rel-v0.5-full,2026-09-22T00:00:00Z
KOSPI,005380,NASDAQ,TSLA,COMPETE,10Y,89.35415,,89.35415,,0.7,16,rel-v0.5-full,2026-09-22T00:00:00Z
KOSPI,005490,KOSPI,005930,PARTNER,10Y,90.172641,,90.172641,,0.610526,19,rel-v0.5-full,2026-09-22T00:00:00Z
KOSPI,005490,KOSPI,005930,SUPPLY,10Y,13.064176,,13.064176,,0.7,1,rel-v0.5-full,2026-09-22T00:00:00Z
KOSPI,005490,KOSPI,006260,PARTNER,10Y,14.785621,,14.785621,,0.8,1,rel-v0.5-full,2026-09-22T00:00:00Z
KOSPI,005490,KOSPI,009540,PARTNER,10Y,49.338301,,49.338301,,0.68,5,rel-v0.5-full,2026-09-22T00:00:00Z
KOSPI,005490,KOSPI,010140,PARTNER,10Y,11.307956,,11.307956,,0.6,1,rel-v0.5-full,2026-09-22T00:00:00Z
KOSPI,005490,KOSPI,010950,PARTNER,10Y,14.785621,,14.785621,,0.8,1,rel-v0.5-full,2026-09-22T00:00:00Z
KOSPI,005490,KOSPI,011200,COMPETE,10Y,11.307956,,11.307956,,0.6,1,rel-v0.5-full,2026-09-22T00:00:00Z
KOSPI,005490,KOSPI,011200,PARTNER,10Y,14.785621,,14.785621,,0.8,1,rel-v0.5-full,2026-09-22T00:00:00Z
KOSPI,005490,KOSPI,015760,PARTNER,10Y,72.19627,,72.19627,,0.711111,9,rel-v0.5-full,2026-09-22T00:00:00Z
KOSPI,005490,KOSPI,018260,COMPETE,30D,14.785621,,14.785621,,0.8,1,rel-v0.5-full,2026-09-22T00:00:00Z
KOSPI,005490,KOSPI,018260,COMPETE,90D,14.785621,,14.785621,,0.8,1,rel-v0.5-full,2026-09-22T00:00:00Z
KOSPI,005490,KOSPI,018260,COMPETE,1Y,14.785621,,14.785621,,0.8,1,rel-v0.5-full,2026-09-22T00:00:00Z
KOSPI,005490,KOSPI,018260,COMPETE,10Y,14.785621,,14.785621,,0.8,1,rel-v0.5-full,2026-09-22T00:00:00Z
KOSPI,005490,KOSPI,024110,PARTNER,10Y,53.233357,,53.233357,,0.633333,6,rel-v0.5-full,2026-09-22T00:00:00Z
KOSPI,005490,KOSPI,028050,PARTNER,10Y,51.324774,,51.324774,,0.72,5,rel-v0.5-full,2026-09-22T00:00:00Z
KOSPI,005490,KOSPI,028260,COMPETE,10Y,11.307956,,11.307956,,0.6,1,rel-v0.5-full,2026-09-22T00:00:00Z
KOSPI,005490,KOSPI,028260,PARTNER,10Y,78.986393,,78.986393,,0.78,10,rel-v0.5-full,2026-09-22T00:00:00Z
KOSPI,005490,KOSPI,030200,PARTNER,10Y,63.212056,,63.212056,,0.714286,7,rel-v0.5-full,2026-09-22T00:00:00Z
KOSPI,005490,KOSPI,034730,PARTNER,10Y,68.651382,,68.651382,,0.725,8,rel-v0.5-full,2026-09-22T00:00:00Z
KOSPI,005490,KOSPI,042660,PARTNER,10Y,24.421626,,24.421626,,0.7,2,rel-v0.5-full,2026-09-22T00:00:00Z
KOSPI,005490,KOSPI,047050,PARTNER,10Y,67.372021,,68.360521,,0.622222,9,rel-v0.5-full,2026-09-22T00:00:00Z
KOSPI,005490,KOSPI,051910,PARTNER,10Y,47.270758,,49.178158,,0.8,4,rel-v0.5-full,2026-09-22T00:00:00Z
KOSPI,005490,KOSPI,055550,PARTNER,10Y,14.785621,,14.785621,,0.8,1,rel-v0.5-full,2026-09-22T00:00:00Z
KOSPI,005490,KOSPI,066570,PARTNER,10Y,67.372021,,67.372021,,0.7,8,rel-v0.5-full,2026-09-22T00:00:00Z
KOSPI,005490,KOSPI,078930,PARTNER,10Y,97.477703,,97.477703,,0.707692,26,rel-v0.5-full,2026-09-22T00:00:00Z
KOSPI,005490,KOSPI,329180,PARTNER,10Y,14.785621,,14.785621,,0.8,1,rel-v0.5-full,2026-09-22T00:00:00Z
KOSPI,005490,KOSPI,373220,PARTNER,10Y,35.596358,,37.274558,,0.733333,3,rel-v0.5-full,2026-09-22T00:00:00Z
KOSPI,005490,NASDAQ,SBUX,SUPPLY,10Y,24.421626,,24.421626,,0.7,2,rel-v0.5-full,2026-09-22T00:00:00Z
KOSPI,005830,KOSPI,035420,PARTNER,10Y,11.307956,,11.307956,,0.6,1,rel-v0.5-full,2026-09-22T00:00:00Z
KOSPI,005830,KOSPI,035720,PARTNER,10Y,38.121661,,38.121661,,0.6,4,rel-v0.5-full,2026-09-22T00:00:00Z
KOSPI,005830,KOSPI,377300,PARTNER,10Y,35.596358,,35.596358,,0.733333,3,rel-v0.5-full,2026-09-22T00:00:00Z
KOSPI,005930,KOSPI,000660,SUPPLY,10Y,13.064176,,15.240076,,0.7,1,rel-v0.5-full,2026-09-22T00:00:00Z
KOSPI,005930,KOSPI,006400,PARTNER,10Y,77.236231,,77.236231,,0.74,10,rel-v0.5-full,2026-09-22T00:00:00Z
KOSPI,005930,KOSPI,009150,PARTNER,10Y,27.385096,,27.385096,,0.8,2,rel-v0.5-full,2026-09-22T00:00:00Z
KOSPI,005930,KOSPI,009830,PARTNER,10Y,21.337214,,21.337214,,0.6,2,rel-v0.5-full,2026-09-22T00:00:00Z
KOSPI,005930,KOSPI,012330,PARTNER,10Y,14.785621,,14.785621,,0.8,1,rel-v0.5-full,2026-09-22T00:00:00Z
KOSPI,005930,KOSPI,015760,PARTNER,30D,47.270758,,47.270758,,0.64,5,rel-v0.5-full,2026-09-22T00:00:00Z
KOSPI,005930,KOSPI,015760,PARTNER,90D,47.270758,,47.270758,,0.64,5,rel-v0.5-full,2026-09-22T00:00:00Z
KOSPI,005930,KOSPI,015760,PARTNER,1Y,47.270758,,47.270758,,0.64,5,rel-v0.5-full,2026-09-22T00:00:00Z
KOSPI,005930,KOSPI,015760,PARTNER,10Y,89.35415,,89.35415,,0.622222,18,rel-v0.5-full,2026-09-22T00:00:00Z
KOSPI,005930,KOSPI,016360,PARTNER,10Y,14.785621,,14.785621,,0.8,1,rel-v0.5-full,2026-09-22T00:00:00Z
KOSPI,005930,KOSPI,017670,COMPETE,10Y,18.126925,,18.126925,,1.0,1,rel-v0.5-full,2026-09-22T00:00:00Z
KOSPI,005930,KOSPI,017670,PARTNER,10Y,84.740989,,84.740989,,0.723077,13,rel-v0.5-full,2026-09-22T00:00:00Z
KOSPI,005930,KOSPI,018260,PARTNER,10Y,45.118836,,45.118836,,0.75,4,rel-v0.5-full,2026-09-22T00:00:00Z
KOSPI,005930,KOSPI,021240,COMPETE,10Y,14.785621,,14.785621,,0.8,1,rel-v0.5-full,2026-09-22T00:00:00Z
KOSPI,005930,KOSPI,021240,PARTNER,10Y,14.785621,,14.785621,,0.8,1,rel-v0.5-full,2026-09-22T00:00:00Z
KOSPI,005930,KOSPI,028050,PARTNER,10Y,27.385096,,27.385096,,0.8,2,rel-v0.5-full,2026-09-22T00:00:00Z
KOSPI,005930,KOSPI,028260,PARTNER,10Y,55.067104,,56.830804,,0.8,5,rel-v0.5-full,2026-09-22T00:00:00Z
KOSPI,005930,KOSPI,029780,PARTNER,10Y,68.651382,,68.651382,,0.644444,9,rel-v0.5-full,2026-09-22T00:00:00Z
KOSPI,005930,KOSPI,030200,PARTNER,10Y,53.233357,,53.233357,,0.76,5,rel-v0.5-full,2026-09-22T00:00:00Z
KOSPI,005930,KOSPI,030200,SUPPLY,10Y,34.295318,,34.295318,,0.7,3,rel-v0.5-full,2026-09-22T00:00:00Z
KOSPI,005930,KOSPI,032640,PARTNER,1Y,27.385096,,27.385096,,0.8,2,rel-v0.5-full,2026-09-22T00:00:00Z
KOSPI,005930,KOSPI,032640,PARTNER,10Y,55.067104,,55.067104,,0.8,5,rel-v0.5-full,2026-09-22T00:00:00Z
KOSPI,005930,KOSPI,034730,PARTNER,90D,11.307956,,12.293756,,0.6,1,rel-v0.5-full,2026-09-22T00:00:00Z
KOSPI,005930,KOSPI,034730,PARTNER,1Y,11.307956,,12.293756,,0.6,1,rel-v0.5-full,2026-09-22T00:00:00Z
KOSPI,005930,KOSPI,034730,PARTNER,10Y,45.118836,,46.104636,,0.75,4,rel-v0.5-full,2026-09-22T00:00:00Z
KOSPI,005930,KOSPI,035420,COMPETE,10Y,35.596358,,35.596358,,0.733333,3,rel-v0.5-full,2026-09-22T00:00:00Z
KOSPI,005930,KOSPI,035420,PARTNER,10Y,99.599415,,99.599415,,0.726316,38,rel-v0.5-full,2026-09-22T00:00:00Z
KOSPI,005930,KOSPI,035420,SUPPLY,10Y,13.064176,,13.064176,,0.7,1,rel-v0.5-full,2026-09-22T00:00:00Z
KOSPI,005930,KOSPI,035720,COMPETE,10Y,45.118836,,45.118836,,0.75,4,rel-v0.5-full,2026-09-22T00:00:00Z
KOSPI,005930,KOSPI,035720,PARTNER,10Y,71.061578,,71.061578,,0.775,8,rel-v0.5-full,2026-09-22T00:00:00Z
KOSPI,005930,KOSPI,042700,PARTNER,10Y,14.785621,,16.039021,,0.8,1,rel-v0.5-full,2026-09-22T00:00:00Z
KOSPI,005930,KOSPI,042700,SUPPLY,10Y,13.064176,,14.317576,,0.7,1,rel-v0.5-full,2026-09-22T00:00:00Z
KOSPI,005930,KOSPI,047040,PARTNER,10Y,11.307956,,11.307956,,0.6,1,rel-v0.5-full,2026-09-22T00:00:00Z
KOSPI,005930,KOSPI,047050,PARTNER,10Y,21.337214,,21.337214,,0.6,2,rel-v0.5-full,2026-09-22T00:00:00Z
KOSPI,005930,KOSPI,047810,PARTNER,30D,11.307956,,11.307956,,0.6,1,rel-v0.5-full,2026-09-22T00:00:00Z
KOSPI,005930,KOSPI,047810,PARTNER,90D,11.307956,,11.307956,,0.6,1,rel-v0.5-full,2026-09-22T00:00:00Z
KOSPI,005930,KOSPI,047810,PARTNER,1Y,11.307956,,11.307956,,0.6,1,rel-v0.5-full,2026-09-22T00:00:00Z
KOSPI,005930,KOSPI,047810,PARTNER,10Y,11.307956,,11.307956,,0.6,1,rel-v0.5-full,2026-09-22T00:00:00Z
KOSPI,005930,KOSPI,051910,COMPETE,10Y,14.785621,,14.785621,,0.8,1,rel-v0.5-full,2026-09-22T00:00:00Z
KOSPI,005930,KOSPI,051910,PARTNER,10Y,27.385096,,27.385096,,0.8,2,rel-v0.5-full,2026-09-22T00:00:00Z
KOSPI,005930,KOSPI,066570,COMPETE,30D,71.061578,,71.061578,,0.775,8,rel-v0.5-full,2026-09-22T00:00:00Z
KOSPI,005930,KOSPI,066570,COMPETE,90D,71.061578,,71.061578,,0.775,8,rel-v0.5-full,2026-09-22T00:00:00Z
KOSPI,005930,KOSPI,066570,COMPETE,1Y,75.340304,,75.340304,,0.777778,9,rel-v0.5-full,2026-09-22T00:00:00Z
KOSPI,005930,KOSPI,066570,COMPETE,10Y,100.0,,100.0,,0.764957,234,rel-v0.5-full,2026-09-22T00:00:00Z
KOSPI,005930,KOSPI,066570,PARTNER,10Y,99.999604,,99.999604,,0.787342,79,rel-v0.5-full,2026-09-22T00:00:00Z
KOSPI,005930,KOSPI,066570,SUPPLY,10Y,24.421626,,24.421626,,0.7,2,rel-v0.5-full,2026-09-22T00:00:00Z
KOSPI,005930,KOSPI,086790,PARTNER,10Y,30.232367,,30.232367,,0.6,3,rel-v0.5-full,2026-09-22T00:00:00Z
KOSPI,005930,KOSPI,090430,PARTNER,10Y,30.232367,,30.232367,,0.6,3,rel-v0.5-full,2026-09-22T00:00:00Z
KOSPI,005930,KOSPI,096770,PARTNER,10Y,11.307956,,11.307956,,0.6,1,rel-v0.5-full,2026-09-22T00:00:00Z
KOSPI,005930,KOSPI,259960,PARTNER,10Y,51.324774,,51.324774,,0.6,6,rel-v0.5-full,2026-09-22T00:00:00Z
KOSPI,005930,KOSPI,271560,PARTNER,10Y,11.307956,,11.307956,,0.6,1,rel-v0.5-full,2026-09-22T00:00:00Z
KOSPI,005930,KOSPI,316140,PARTNER,10Y,69.880579,,69.880579,,0.666667,9,rel-v0.5-full,2026-09-22T00:00:00Z
KOSPI,005930,KOSPI,377300,PARTNER,10Y,30.232367,,30.232367,,0.6,3,rel-v0.5-full,2026-09-22T00:00:00Z
KOSPI,005930,NASDAQ,AAPL,COMPETE,30D,32.967995,,32.967995,,0.666667,3,rel-v0.5-full,2026-09-22T00:00:00Z
KOSPI,005930,NASDAQ,AAPL,COMPETE,90D,32.967995,,32.967995,,0.666667,3,rel-v0.5-full,2026-09-22T00:00:00Z
KOSPI,005930,NASDAQ,AAPL,COMPETE,1Y,53.233357,,53.233357,,0.76,5,rel-v0.5-full,2026-09-22T00:00:00Z
KOSPI,005930,NASDAQ,AAPL,COMPETE,10Y,100.0,,100.0,,0.709013,233,rel-v0.5-full,2026-09-22T00:00:00Z
KOSPI,005930,NASDAQ,AAPL,PARTNER,10Y,95.216511,,95.216511,,0.690909,22,rel-v0.5-full,2026-09-22T00:00:00Z
KOSPI,005930,NASDAQ,AAPL,SUPPLY,10Y,32.967995,,32.967995,,1.0,2,rel-v0.5-full,2026-09-22T00:00:00Z
KOSPI,005930,NASDAQ,AMD,PARTNER,10Y,99.991728,,99.991728,,0.671429,70,rel-v0.5-full,2026-09-22T00:00:00Z
KOSPI,005930,NASDAQ,AMD,SUPPLY,10Y,34.295318,,34.295318,,0.7,3,rel-v0.5-full,2026-09-22T00:00:00Z
KOSPI,005930,NASDAQ,AMZN,PARTNER,90D,14.785621,,14.785621,,0.8,1,rel-v0.5-full,2026-09-22T00:00:00Z
KOSPI,005930,NASDAQ,AMZN,PARTNER,1Y,14.785621,,14.785621,,0.8,1,rel-v0.5-full,2026-09-22T00:00:00Z
KOSPI,005930,NASDAQ,AMZN,PARTNER,10Y,73.28647,,73.28647,,0.66,10,rel-v0.5-full,2026-09-22T00:00:00Z
KOSPI,005930,NASDAQ,AMZN,SUPPLY,10Y,50.34147,,50.34147,,0.7,5,rel-v0.5-full,2026-09-22T00:00:00Z
KOSPI,005930,NASDAQ,ARM,COMPETE,30D,14.785621,,14.785621,,0.8,1,rel-v0.5-full,2026-09-22T00:00:00Z
KOSPI,005930,NASDAQ,ARM,COMPETE,90D,14.785621,,14.785621,,0.8,1,rel-v0.5-full,2026-09-22T00:00:00Z
KOSPI,005930,NASDAQ,ARM,COMPETE,1Y,14.785621,,14.785621,,0.8,1,rel-v0.5-full,2026-09-22T00:00:00Z
KOSPI,005930,NASDAQ,ARM,COMPETE,10Y,14.785621,,14.785621,,0.8,1,rel-v0.5-full,2026-09-22T00:00:00Z
KOSPI,005930,NASDAQ,ARM,PARTNER,30D,11.307956,,11.307956,,0.6,1,rel-v0.5-full,2026-09-22T00:00:00Z
KOSPI,005930,NASDAQ,ARM,PARTNER,90D,11.307956,,11.307956,,0.6,1,rel-v0.5-full,2026-09-22T00:00:00Z
KOSPI,005930,NASDAQ,ARM,PARTNER,1Y,11.307956,,11.307956,,0.6,1,rel-v0.5-full,2026-09-22T00:00:00Z
KOSPI,005930,NASDAQ,ARM,PARTNER,10Y,75.340304,,75.340304,,0.636364,11,rel-v0.5-full,2026-09-22T00:00:00Z
KOSPI,005930,NASDAQ,ASML,COMPETE,10Y,40.547945,,40.547945,,0.65,4,rel-v0.5-full,2026-09-22T00:00:00Z
KOSPI,005930,NASDAQ,ASML,PARTNER,10Y,99.999455,,99.999455,,0.688636,88,rel-v0.5-full,2026-09-22T00:00:00Z
KOSPI,005930,NASDAQ,AVGO,COMPETE,10Y,56.828948,,56.828948,,0.6,7,rel-v0.5-full,2026-09-22T00:00:00Z
KOSPI,005930,NASDAQ,AVGO,PARTNER,30D,42.879094,,42.879094,,0.7,4,rel-v0.5-full,2026-09-22T00:00:00Z
KOSPI,005930,NASDAQ,AVGO,PARTNER,90D,56.828948,,56.828948,,0.7,6,rel-v0.5-full,2026-09-22T00:00:00Z
KOSPI,005930,NASDAQ,AVGO,PARTNER,1Y,56.828948,,56.828948,,0.7,6,rel-v0.5-full,2026-09-22T00:00:00Z
KOSPI,005930,NASDAQ,AVGO,PARTNER,10Y,61.710711,,61.710711,,0.685714,7,rel-v0.5-full,2026-09-22T00:00:00Z
KOSPI,005930,NASDAQ,AVGO,SUPPLY,30D,13.064176,,13.064176,,0.7,1,rel-v0.5-full,2026-09-22T00:00:00Z
KOSPI,005930,NASDAQ,AVGO,SUPPLY,90D,13.064176,,13.064176,,0.7,1,rel-v0.5-full,2026-09-22T00:00:00Z
KOSPI,005930,NASDAQ,AVGO,SUPPLY,1Y,13.064176,,13.064176,,0.7,1,rel-v0.5-full,2026-09-22T00:00:00Z
KOSPI,005930,NASDAQ,AVGO,SUPPLY,10Y,13.064176,,13.064176,,0.7,1,rel-v0.5-full,2026-09-22T00:00:00Z
KOSPI,005930,NASDAQ,CDNS,PARTNER,10Y,45.118836,,45.118836,,0.6,5,rel-v0.5-full,2026-09-22T00:00:00Z
KOSPI,005930,NASDAQ,CMCSA,COMPETE,10Y,18.126925,,18.126925,,1.0,1,rel-v0.5-full,2026-09-22T00:00:00Z
KOSPI,005930,NASDAQ,CMCSA,PARTNER,10Y,11.307956,,11.307956,,0.6,1,rel-v0.5-full,2026-09-22T00:00:00Z
KOSPI,005930,NASDAQ,CMCSA,SUPPLY,10Y,13.064176,,13.064176,,0.7,1,rel-v0.5-full,2026-09-22T00:00:00Z
KOSPI,005930,NASDAQ,CSCO,PARTNER,10Y,35.596358,,35.596358,,0.733333,3,rel-v0.5-full,2026-09-22T00:00:00Z
KOSPI,005930,NASDAQ,GOOGL,COMPETE,10Y,21.337214,,21.337214,,0.6,2,rel-v0.5-full,2026-09-22T00:00:00Z
KOSPI,005930,NASDAQ,GOOGL,PARTNER,30D,11.307956,,11.307956,,0.6,1,rel-v0.5-full,2026-09-22T00:00:00Z
KOSPI,005930,NASDAQ,GOOGL,PARTNER,90D,11.307956,,11.307956,,0.6,1,rel-v0.5-full,2026-09-22T00:00:00Z
KOSPI,005930,NASDAQ,GOOGL,PARTNER,1Y,11.307956,,11.307956,,0.6,1,rel-v0.5-full,2026-09-22T00:00:00Z
KOSPI,005930,NASDAQ,GOOGL,PARTNER,10Y,99.986631,,99.986631,,0.665672,67,rel-v0.5-full,2026-09-22T00:00:00Z
KOSPI,005930,NASDAQ,INTC,COMPETE,10Y,99.999985,,99.999985,,0.683478,115,rel-v0.5-full,2026-09-22T00:00:00Z
KOSPI,005930,NASDAQ,INTC,PARTNER,10Y,99.378009,,99.378009,,0.725714,35,rel-v0.5-full,2026-09-22T00:00:00Z
KOSPI,005930,NASDAQ,INTC,SUPPLY,10Y,56.828948,,56.828948,,0.7,6,rel-v0.5-full,2026-09-22T00:00:00Z
KOSPI,005930,NASDAQ,META,PARTNER,10Y,79.810348,,79.810348,,0.727273,11,rel-v0.5-full,2026-09-22T00:00:00Z
KOSPI,005930,NASDAQ,MSFT,PARTNER,10Y,97.671626,,97.671626,,0.626667,30,rel-v0.5-full,2026-09-22T00:00:00Z
KOSPI,005930,NASDAQ,MU,COMPETE,1Y,18.126925,,18.126925,,1.0,1,rel-v0.5-full,2026-09-22T00:00:00Z
KOSPI,005930,NASDAQ,MU,COMPETE,10Y,85.914158,,85.914158,,0.753846,13,rel-v0.5-full,2026-09-22T00:00:00Z
KOSPI,005930,NASDAQ,MU,SUPPLY,30D,13.064176,,13.064176,,0.7,1,rel-v0.5-full,2026-09-22T00:00:00Z
KOSPI,005930,NASDAQ,MU,SUPPLY,90D,13.064176,,13.064176,,0.7,1,rel-v0.5-full,2026-09-22T00:00:00Z
KOSPI,005930,NASDAQ,MU,SUPPLY,1Y,13.064176,,13.064176,,0.7,1,rel-v0.5-full,2026-09-22T00:00:00Z
KOSPI,005930,NASDAQ,MU,SUPPLY,10Y,13.064176,,13.064176,,0.7,1,rel-v0.5-full,2026-09-22T00:00:00Z
KOSPI,005930,NASDAQ,NFLX,PARTNER,10Y,21.337214,,21.337214,,0.6,2,rel-v0.5-full,2026-09-22T00:00:00Z
KOSPI,005930,NASDAQ,NVDA,COMPETE,1Y,27.385096,,27.385096,,0.8,2,rel-v0.5-full,2026-09-22T00:00:00Z
KOSPI,005930,NASDAQ,NVDA,COMPETE,10Y,72.19627,,72.19627,,0.64,10,rel-v0.5-full,2026-09-22T00:00:00Z
KOSPI,005930,NASDAQ,NVDA,PARTNER,1Y,69.880579,,69.880579,,0.75,8,rel-v0.5-full,2026-09-22T00:00:00Z
KOSPI,005930,NASDAQ,NVDA,PARTNER,10Y,93.412525,,93.412525,,0.715789,19,rel-v0.5-full,2026-09-22T00:00:00Z
KOSPI,005930,NASDAQ,NVDA,SUPPLY,30D,13.064176,,13.064176,,0.7,1,rel-v0.5-full,2026-09-22T00:00:00Z
KOSPI,005930,NASDAQ,NVDA,SUPPLY,90D,13.064176,,13.064176,,0.7,1,rel-v0.5-full,2026-09-22T00:00:00Z
KOSPI,005930,NASDAQ,NVDA,SUPPLY,1Y,56.828948,,56.828948,,0.7,6,rel-v0.5-full,2026-09-22T00:00:00Z
KOSPI,005930,NASDAQ,NVDA,SUPPLY,10Y,99.99999,,99.99999,,0.7,115,rel-v0.5-full,2026-09-22T00:00:00Z
KOSPI,005930,NASDAQ,NXPI,PARTNER,10Y,11.307956,,11.307956,,0.6,1,rel-v0.5-full,2026-09-22T00:00:00Z
KOSPI,005930,NASDAQ,PYPL,PARTNER,10Y,14.785621,,14.785621,,0.8,1,rel-v0.5-full,2026-09-22T00:00:00Z
KOSPI,005930,NASDAQ,QCOM,COMPETE,10Y,91.954039,,91.954039,,0.663158,19,rel-v0.5-full,2026-09-22T00:00:00Z
KOSPI,005930,NASDAQ,QCOM,PARTNER,1Y,27.385096,,27.385096,,0.8,2,rel-v0.5-full,2026-09-22T00:00:00Z
KOSPI,005930,NASDAQ,QCOM,PARTNER,10Y,98.911098,,98.911098,,0.684848,33,rel-v0.5-full,2026-09-22T00:00:00Z
KOSPI,005930,NASDAQ,QCOM,SUPPLY,10Y,24.421626,,24.421626,,0.7,2,rel-v0.5-full,2026-09-22T00:00:00Z
KOSPI,005930,NASDAQ,SBUX,PARTNER,10Y,14.785621,,14.785621,,0.8,1,rel-v0.5-full,2026-09-22T00:00:00Z
KOSPI,005930,NASDAQ,SBUX,SUPPLY,10Y,13.064176,,13.064176,,0.7,1,rel-v0.5-full,2026-09-22T00:00:00Z
KOSPI,005930,NASDAQ,SNPS,PARTNER,10Y,32.967995,,32.967995,,0.666667,3,rel-v0.5-full,2026-09-22T00:00:00Z
KOSPI,005930,NASDAQ,TSLA,COMPETE,10Y,21.337214,,21.337214,,0.6,2,rel-v0.5-full,2026-09-22T00:00:00Z
KOSPI,005930,NASDAQ,TSLA,PARTNER,1Y,27.385096,,27.385096,,0.8,2,rel-v0.5-full,2026-09-22T00:00:00Z
KOSPI,005930,NASDAQ,TSLA,PARTNER,10Y,95.021293,,95.021293,,0.714286,21,rel-v0.5-full,2026-09-22T00:00:00Z
KOSPI,005930,NASDAQ,TSLA,SUPPLY,10Y,81.362602,,81.362602,,0.7,12,rel-v0.5-full,2026-09-22T00:00:00Z
KOSPI,005930,NASDAQ,WBD,PARTNER,10Y,21.337214,,21.337214,,0.6,2,rel-v0.5-full,2026-09-22T00:00:00Z
KOSPI,005930,NASDAQ,WDC,PARTNER,10Y,56.828948,,56.828948,,0.7,6,rel-v0.5-full,2026-09-22T00:00:00Z
KOSPI,005940,KOSPI,006800,PARTNER,10Y,27.385096,,28.463896,,0.8,2,rel-v0.5-full,2026-09-22T00:00:00Z
KOSPI,005940,KOSPI,009150,COMPETE,10Y,21.337214,,21.337214,,0.6,2,rel-v0.5-full,2026-09-22T00:00:00Z
KOSPI,005940,KOSPI,010140,SUPPLY,10Y,13.064176,,13.064176,,0.7,1,rel-v0.5-full,2026-09-22T00:00:00Z
KOSPI,005940,KOSPI,011070,COMPETE,10Y,21.337214,,21.337214,,0.6,2,rel-v0.5-full,2026-09-22T00:00:00Z
KOSPI,005940,KOSPI,016360,COMPETE,10Y,64.654532,,66.106532,,0.742857,7,rel-v0.5-full,2026-09-22T00:00:00Z
KOSPI,005940,KOSPI,016360,PARTNER,10Y,45.118836,,46.570836,,0.75,4,rel-v0.5-full,2026-09-22T00:00:00Z
KOSPI,005940,KOSPI,028050,SUPPLY,90D,13.064176,,13.064176,,0.7,1,rel-v0.5-full,2026-09-22T00:00:00Z
KOSPI,005940,KOSPI,028050,SUPPLY,1Y,13.064176,,13.064176,,0.7,1,rel-v0.5-full,2026-09-22T00:00:00Z
KOSPI,005940,KOSPI,028050,SUPPLY,10Y,13.064176,,13.064176,,0.7,1,rel-v0.5-full,2026-09-22T00:00:00Z
KOSPI,005940,KOSPI,030200,COMPETE,10Y,21.337214,,21.337214,,0.6,2,rel-v0.5-full,2026-09-22T00:00:00Z
KOSPI,005940,KOSPI,034730,PARTNER,10Y,21.337214,,21.337214,,0.6,2,rel-v0.5-full,2026-09-22T00:00:00Z
KOSPI,005940,KOSPI,035420,PARTNER,10Y,21.337214,,21.337214,,0.6,2,rel-v0.5-full,2026-09-22T00:00:00Z
KOSPI,005940,KOSPI,035720,PARTNER,10Y,11.307956,,11.307956,,0.6,1,rel-v0.5-full,2026-09-22T00:00:00Z
KOSPI,005940,KOSPI,039490,COMPETE,10Y,11.307956,,12.479456,,0.6,1,rel-v0.5-full,2026-09-22T00:00:00Z
KOSPI,005940,KOSPI,047040,COMPETE,10Y,11.307956,,11.307956,,0.6,1,rel-v0.5-full,2026-09-22T00:00:00Z
KOSPI,005940,KOSPI,064400,PARTNER,10Y,11.307956,,11.307956,,0.6,1,rel-v0.5-full,2026-09-22T00:00:00Z
KOSPI,005940,KOSPI,066570,PARTNER,10Y,27.385096,,27.385096,,0.8,2,rel-v0.5-full,2026-09-22T00:00:00Z
KOSPI,005940,KOSPI,071050,COMPETE,10Y,72.19627,,73.34407,,0.711111,9,rel-v0.5-full,2026-09-22T00:00:00Z
KOSPI,005940,KOSPI,086790,COMPETE,10Y,11.307956,,11.307956,,0.6,1,rel-v0.5-full,2026-09-22T00:00:00Z
KOSPI,005940,KOSPI,272210,SUPPLY,10Y,13.064176,,13.064176,,0.7,1,rel-v0.5-full,2026-09-22T00:00:00Z
KOSPI,005940,KOSPI,323410,PARTNER,10Y,40.547945,,40.547945,,0.65,4,rel-v0.5-full,2026-09-22T00:00:00Z
KOSPI,005940,KOSPI,326030,COMPETE,10Y,11.307956,,11.307956,,0.6,1,rel-v0.5-full,2026-09-22T00:00:00Z
KOSPI,005940,KOSPI,377300,PARTNER,10Y,40.547945,,40.547945,,0.65,4,rel-v0.5-full,2026-09-22T00:00:00Z
KOSPI,005940,NASDAQ,TSLA,SUPPLY,10Y,24.421626,,24.421626,,0.7,2,rel-v0.5-full,2026-09-22T00:00:00Z
KOSPI,006260,KOSPI,030200,PARTNER,10Y,21.337214,,21.337214,,0.6,2,rel-v0.5-full,2026-09-22T00:00:00Z
KOSPI,006260,KOSPI,034730,PARTNER,10Y,21.337214,,21.337214,,0.6,2,rel-v0.5-full,2026-09-22T00:00:00Z
KOSPI,006260,KOSPI,051910,PARTNER,10Y,14.785621,,14.785621,,0.8,1,rel-v0.5-full,2026-09-22T00:00:00Z
KOSPI,006260,KOSPI,055550,PARTNER,10Y,38.121661,,38.121661,,0.8,3,rel-v0.5-full,2026-09-22T00:00:00Z
KOSPI,006260,KOSPI,066970,PARTNER,10Y,98.953794,,98.953794,,0.7125,32,rel-v0.5-full,2026-09-22T00:00:00Z
KOSPI,006260,NASDAQ,MSFT,PARTNER,10Y,11.307956,,11.307956,,0.6,1,rel-v0.5-full,2026-09-22T00:00:00Z
KOSPI,006400,KOSPI,010130,PARTNER,10Y,27.385096,,27.385096,,0.8,2,rel-v0.5-full,2026-09-22T00:00:00Z
KOSPI,006400,KOSPI,018260,PARTNER,10Y,14.785621,,14.785621,,0.8,1,rel-v0.5-full,2026-09-22T00:00:00Z
KOSPI,006400,KOSPI,051910,COMPETE,10Y,27.385096,,29.012596,,0.8,2,rel-v0.5-full,2026-09-22T00:00:00Z
KOSPI,006400,KOSPI,051910,PARTNER,10Y,14.785621,,16.413121,,0.8,1,rel-v0.5-full,2026-09-22T00:00:00Z
KOSPI,006400,KOSPI,096770,COMPETE,10Y,35.596358,,36.791558,,0.733333,3,rel-v0.5-full,2026-09-22T00:00:00Z
KOSPI,006400,KOSPI,096770,PARTNER,10Y,58.521709,,59.716909,,0.733333,6,rel-v0.5-full,2026-09-22T00:00:00Z
KOSPI,006400,KOSPI,373220,COMPETE,10Y,40.547945,,42.383345,,0.65,4,rel-v0.5-full,2026-09-22T00:00:00Z
KOSPI,006400,KOSPI,373220,PARTNER,10Y,80.601996,,82.437396,,0.745455,11,rel-v0.5-full,2026-09-22T00:00:00Z
KOSPI,006400,NASDAQ,AAPL,SUPPLY,10Y,13.064176,,13.064176,,0.7,1,rel-v0.5-full,2026-09-22T00:00:00Z
KOSPI,006400,NASDAQ,TSLA,PARTNER,10Y,45.118836,,45.118836,,0.6,5,rel-v0.5-full,2026-09-22T00:00:00Z
KOSPI,006400,NASDAQ,TSLA,SUPPLY,1Y,24.421626,,24.421626,,0.7,2,rel-v0.5-full,2026-09-22T00:00:00Z
KOSPI,006400,NASDAQ,TSLA,SUPPLY,10Y,50.34147,,50.34147,,0.7,5,rel-v0.5-full,2026-09-22T00:00:00Z
KOSPI,006800,KOSPI,016360,COMPETE,10Y,42.879094,,43.973794,,0.7,4,rel-v0.5-full,2026-09-22T00:00:00Z
KOSPI,006800,KOSPI,017670,PARTNER,10Y,11.307956,,11.307956,,0.6,1,rel-v0.5-full,2026-09-22T00:00:00Z
KOSPI,006800,KOSPI,024110,PARTNER,10Y,58.521709,,58.521709,,0.733333,6,rel-v0.5-full,2026-09-22T00:00:00Z
KOSPI,006800,KOSPI,035420,PARTNER,1Y,11.307956,,11.307956,,0.6,1,rel-v0.5-full,2026-09-22T00:00:00Z
KOSPI,006800,KOSPI,035420,PARTNER,10Y,74.333922,,74.333922,,0.755556,9,rel-v0.5-full,2026-09-22T00:00:00Z
KOSPI,006800,KOSPI,066570,PARTNER,10Y,14.785621,,14.785621,,0.8,1,rel-v0.5-full,2026-09-22T00:00:00Z
KOSPI,006800,KOSPI,066970,COMPETE,10Y,11.307956,,11.307956,,0.6,1,rel-v0.5-full,2026-09-22T00:00:00Z
KOSPI,006800,KOSPI,066970,SUPPLY,10Y,13.064176,,13.064176,,0.7,1,rel-v0.5-full,2026-09-22T00:00:00Z
KOSPI,006800,KOSPI,071050,COMPETE,10Y,56.828948,,58.023548,,0.7,6,rel-v0.5-full,2026-09-22T00:00:00Z
KOSPI,006800,KOSPI,078930,PARTNER,10Y,14.785621,,14.785621,,0.8,1,rel-v0.5-full,2026-09-22T00:00:00Z
KOSPI,006800,KOSPI,086790,PARTNER,10Y,21.337214,,21.337214,,0.6,2,rel-v0.5-full,2026-09-22T00:00:00Z
KOSPI,006800,KOSPI,105560,COMPETE,10Y,24.421626,,24.421626,,0.7,2,rel-v0.5-full,2026-09-22T00:00:00Z
KOSPI,006800,KOSPI,316140,PARTNER,10Y,11.307956,,11.307956,,0.6,1,rel-v0.5-full,2026-09-22T00:00:00Z
KOSPI,006800,KOSPI,323410,PARTNER,10Y,14.785621,,14.785621,,0.8,1,rel-v0.5-full,2026-09-22T00:00:00Z
KOSPI,007660,NASDAQ,GOOGL,SUPPLY,10Y,13.064176,,13.064176,,0.7,1,rel-v0.5-full,2026-09-22T00:00:00Z
KOSPI,009150,KOSPI,005930,SUPPLY,10Y,13.064176,,13.064176,,0.7,1,rel-v0.5-full,2026-09-22T00:00:00Z
KOSPI,009150,KOSPI,011070,COMPETE,30D,14.785621,,14.785621,,0.8,1,rel-v0.5-full,2026-09-22T00:00:00Z
KOSPI,009150,KOSPI,011070,COMPETE,90D,14.785621,,14.785621,,0.8,1,rel-v0.5-full,2026-09-22T00:00:00Z
KOSPI,009150,KOSPI,011070,COMPETE,1Y,14.785621,,14.785621,,0.8,1,rel-v0.5-full,2026-09-22T00:00:00Z
KOSPI,009150,KOSPI,011070,COMPETE,10Y,82.093385,,82.093385,,0.781818,11,rel-v0.5-full,2026-09-22T00:00:00Z
KOSPI,009150,KOSPI,029780,PARTNER,10Y,11.307956,,11.307956,,0.6,1,rel-v0.5-full,2026-09-22T00:00:00Z
KOSPI,009150,KOSPI,272210,PARTNER,10Y,14.785621,,14.785621,,0.8,1,rel-v0.5-full,2026-09-22T00:00:00Z
KOSPI,009150,NASDAQ,AAPL,SUPPLY,10Y,13.064176,,13.064176,,0.7,1,rel-v0.5-full,2026-09-22T00:00:00Z
KOSPI,009150,NASDAQ,INTC,PARTNER,10Y,21.337214,,21.337214,,0.6,2,rel-v0.5-full,2026-09-22T00:00:00Z
KOSPI,009150,NASDAQ,INTC,SUPPLY,10Y,13.064176,,13.064176,,0.7,1,rel-v0.5-full,2026-09-22T00:00:00Z
KOSPI,009150,NASDAQ,TSLA,COMPETE,10Y,11.307956,,11.307956,,0.6,1,rel-v0.5-full,2026-09-22T00:00:00Z
KOSPI,009150,NASDAQ,TSLA,SUPPLY,10Y,89.35415,,89.35415,,0.7,16,rel-v0.5-full,2026-09-22T00:00:00Z
KOSPI,009540,KOSPI,010140,COMPETE,10Y,47.270758,,47.270758,,0.8,4,rel-v0.5-full,2026-09-22T00:00:00Z
KOSPI,009540,KOSPI,011200,PARTNER,10Y,27.385096,,27.385096,,0.8,2,rel-v0.5-full,2026-09-22T00:00:00Z
KOSPI,009540,KOSPI,034730,PARTNER,10Y,24.421626,,24.421626,,0.7,2,rel-v0.5-full,2026-09-22T00:00:00Z
KOSPI,009540,KOSPI,042660,COMPETE,10Y,94.606631,,94.606631,,0.663636,22,rel-v0.5-full,2026-09-22T00:00:00Z
KOSPI,009540,KOSPI,042660,PARTNER,10Y,14.785621,,14.785621,,0.8,1,rel-v0.5-full,2026-09-22T00:00:00Z
KOSPI,009540,KOSPI,086280,PARTNER,10Y,11.307956,,11.307956,,0.6,1,rel-v0.5-full,2026-09-22T00:00:00Z
KOSPI,009540,KOSPI,329180,PARTNER,10Y,69.880579,,70.882279,,0.75,8,rel-v0.5-full,2026-09-22T00:00:00Z
KOSPI,009540,KOSPI,443060,PARTNER,1Y,14.785621,,14.785621,,0.8,1,rel-v0.5-full,2026-09-22T00:00:00Z
KOSPI,009540,KOSPI,443060,PARTNER,10Y,27.385096,,27.385096,,0.8,2,rel-v0.5-full,2026-09-22T00:00:00Z
KOSPI,009830,KOSPI,012450,PARTNER,10Y,47.270758,,47.270758,,0.8,4,rel-v0.5-full,2026-09-22T00:00:00Z
KOSPI,009830,KOSPI,078930,PARTNER,10Y,78.128811,,78.128811,,0.690909,11,rel-v0.5-full,2026-09-22T00:00:00Z
KOSPI,009830,KOSPI,086280,SUPPLY,10Y,62.46889,,62.46889,,0.7,7,rel-v0.5-full,2026-09-22T00:00:00Z
KOSPI,009830,KOSPI,272210,PARTNER,10Y,14.785621,,14.785621,,0.8,1,rel-v0.5-full,2026-09-22T00:00:00Z
KOSPI,009830,NASDAQ,MSFT,PARTNER,10Y,45.118836,,45.118836,,0.6,5,rel-v0.5-full,2026-09-22T00:00:00Z
KOSPI,009830,NASDAQ,MSFT,SUPPLY,10Y,13.064176,,13.064176,,0.7,1,rel-v0.5-full,2026-09-22T00:00:00Z
KOSPI,009830,NASDAQ,SPCX,SUPPLY,10Y,13.064176,,13.064176,,0.7,1,rel-v0.5-full,2026-09-22T00:00:00Z
KOSPI,010120,KOSPI,015760,PARTNER,10Y,11.307956,,11.307956,,0.6,1,rel-v0.5-full,2026-09-22T00:00:00Z
KOSPI,010120,KOSPI,018260,PARTNER,10Y,14.785621,,14.785621,,0.8,1,rel-v0.5-full,2026-09-22T00:00:00Z
KOSPI,010120,KOSPI,032640,PARTNER,10Y,45.118836,,45.118836,,0.75,4,rel-v0.5-full,2026-09-22T00:00:00Z
KOSPI,010120,KOSPI,034730,PARTNER,10Y,27.385096,,27.385096,,0.8,2,rel-v0.5-full,2026-09-22T00:00:00Z
KOSPI,010120,KOSPI,055550,PARTNER,10Y,14.785621,,14.785621,,0.8,1,rel-v0.5-full,2026-09-22T00:00:00Z
KOSPI,010120,KOSPI,066570,PARTNER,1Y,11.307956,,11.307956,,0.6,1,rel-v0.5-full,2026-09-22T00:00:00Z
KOSPI,010120,KOSPI,066570,PARTNER,10Y,40.547945,,40.547945,,0.65,4,rel-v0.5-full,2026-09-22T00:00:00Z
KOSPI,010120,KOSPI,066970,PARTNER,1Y,11.307956,,11.307956,,0.6,1,rel-v0.5-full,2026-09-22T00:00:00Z
KOSPI,010120,KOSPI,066970,PARTNER,10Y,11.307956,,11.307956,,0.6,1,rel-v0.5-full,2026-09-22T00:00:00Z
KOSPI,010120,KOSPI,086280,PARTNER,10Y,30.232367,,30.232367,,0.6,3,rel-v0.5-full,2026-09-22T00:00:00Z
KOSPI,010120,KOSPI,298040,COMPETE,10Y,11.307956,,11.307956,,0.6,1,rel-v0.5-full,2026-09-22T00:00:00Z
KOSPI,010120,KOSPI,298040,PARTNER,10Y,11.307956,,11.307956,,0.6,1,rel-v0.5-full,2026-09-22T00:00:00Z
KOSPI,010120,KOSPI,373220,PARTNER,10Y,27.385096,,27.385096,,0.8,2,rel-v0.5-full,2026-09-22T00:00:00Z
KOSPI,010120,NASDAQ,HON,PARTNER,1Y,21.337214,,21.337214,,0.6,2,rel-v0.5-full,2026-09-22T00:00:00Z
KOSPI,010120,NASDAQ,HON,PARTNER,10Y,21.337214,,21.337214,,0.6,2,rel-v0.5-full,2026-09-22T00:00:00Z
KOSPI,010120,NASDAQ,MSFT,PARTNER,10Y,53.233357,,53.233357,,0.633333,6,rel-v0.5-full,2026-09-22T00:00:00Z
KOSPI,010130,KOSPI,051910,PARTNER,10Y,95.584283,,95.584283,,0.709091,22,rel-v0.5-full,2026-09-22T00:00:00Z
KOSPI,010140,KOSPI,011070,PARTNER,10Y,38.121661,,38.121661,,0.6,4,rel-v0.5-full,2026-09-22T00:00:00Z
KOSPI,010140,KOSPI,011200,PARTNER,10Y,14.785621,,14.785621,,0.8,1,rel-v0.5-full,2026-09-22T00:00:00Z
KOSPI,010140,KOSPI,017670,PARTNER,10Y,11.307956,,11.307956,,0.6,1,rel-v0.5-full,2026-09-22T00:00:00Z
KOSPI,010140,KOSPI,034730,PARTNER,10Y,11.307956,,11.307956,,0.6,1,rel-v0.5-full,2026-09-22T00:00:00Z
KOSPI,010140,KOSPI,042660,COMPETE,10Y,47.270758,,47.270758,,0.8,4,rel-v0.5-full,2026-09-22T00:00:00Z
KOSPI,010140,KOSPI,042660,PARTNER,30D,27.385096,,27.385096,,0.8,2,rel-v0.5-full,2026-09-22T00:00:00Z
KOSPI,010140,KOSPI,042660,PARTNER,90D,27.385096,,27.385096,,0.8,2,rel-v0.5-full,2026-09-22T00:00:00Z
KOSPI,010140,KOSPI,042660,PARTNER,1Y,27.385096,,27.385096,,0.8,2,rel-v0.5-full,2026-09-22T00:00:00Z
KOSPI,010140,KOSPI,042660,PARTNER,10Y,82.795514,,82.795514,,0.8,11,rel-v0.5-full,2026-09-22T00:00:00Z
KOSPI,010140,KOSPI,298040,PARTNER,10Y,30.232367,,30.232367,,0.6,3,rel-v0.5-full,2026-09-22T00:00:00Z
KOSPI,010140,KOSPI,329180,COMPETE,10Y,21.337214,,21.337214,,0.6,2,rel-v0.5-full,2026-09-22T00:00:00Z
KOSPI,010140,NASDAQ,AMZN,COMPETE,10Y,11.307956,,11.307956,,0.6,1,rel-v0.5-full,2026-09-22T00:00:00Z
KOSPI,010140,NASDAQ,MSFT,PARTNER,10Y,21.337214,,21.337214,,0.6,2,rel-v0.5-full,2026-09-22T00:00:00Z
KOSPI,010950,KOSPI,028260,PARTNER,10Y,95.584283,,95.584283,,0.65,24,rel-v0.5-full,2026-09-22T00:00:00Z
KOSPI,010950,KOSPI,034730,PARTNER,10Y,27.385096,,27.385096,,0.8,2,rel-v0.5-full,2026-09-22T00:00:00Z
KOSPI,010950,KOSPI,035420,PARTNER,10Y,11.307956,,11.307956,,0.6,1,rel-v0.5-full,2026-09-22T00:00:00Z
KOSPI,010950,KOSPI,055550,PARTNER,10Y,27.385096,,27.385096,,0.8,2,rel-v0.5-full,2026-09-22T00:00:00Z
KOSPI,010950,KOSPI,096770,COMPETE,10Y,14.785621,,16.450321,,0.8,1,rel-v0.5-full,2026-09-22T00:00:00Z
KOSPI,011070,KOSPI,055550,PARTNER,10Y,21.337214,,21.337214,,0.6,2,rel-v0.5-full,2026-09-22T00:00:00Z
KOSPI,011070,KOSPI,066570,PARTNER,10Y,21.337214,,21.337214,,0.6,2,rel-v0.5-full,2026-09-22T00:00:00Z
KOSPI,011070,NASDAQ,AAPL,COMPETE,10Y,14.785621,,14.785621,,0.8,1,rel-v0.5-full,2026-09-22T00:00:00Z
KOSPI,011070,NASDAQ,AAPL,PARTNER,10Y,51.324774,,51.324774,,0.6,6,rel-v0.5-full,2026-09-22T00:00:00Z
KOSPI,011070,NASDAQ,AAPL,SUPPLY,10Y,99.920725,,99.920725,,0.7,51,rel-v0.5-full,2026-09-22T00:00:00Z
KOSPI,011070,NASDAQ,MSFT,PARTNER,10Y,69.880579,,69.880579,,0.666667,9,rel-v0.5-full,2026-09-22T00:00:00Z
KOSPI,011070,NASDAQ,TSLA,COMPETE,30D,11.307956,,11.307956,,0.6,1,rel-v0.5-full,2026-09-22T00:00:00Z
KOSPI,011070,NASDAQ,TSLA,COMPETE,90D,11.307956,,11.307956,,0.6,1,rel-v0.5-full,2026-09-22T00:00:00Z
KOSPI,011070,NASDAQ,TSLA,COMPETE,1Y,11.307956,,11.307956,,0.6,1,rel-v0.5-full,2026-09-22T00:00:00Z
KOSPI,011070,NASDAQ,TSLA,COMPETE,10Y,11.307956,,11.307956,,0.6,1,rel-v0.5-full,2026-09-22T00:00:00Z
KOSPI,011070,NASDAQ,TSLA,SUPPLY,10Y,62.46889,,62.46889,,0.7,7,rel-v0.5-full,2026-09-22T00:00:00Z
KOSPI,011200,KOSPI,018260,PARTNER,10Y,11.307956,,11.307956,,0.6,1,rel-v0.5-full,2026-09-22T00:00:00Z
KOSPI,011200,KOSPI,035720,PARTNER,10Y,35.596358,,35.596358,,0.733333,3,rel-v0.5-full,2026-09-22T00:00:00Z
KOSPI,011200,KOSPI,086280,PARTNER,10Y,27.385096,,27.385096,,0.8,2,rel-v0.5-full,2026-09-22T00:00:00Z
KOSPI,011200,KOSPI,329180,PARTNER,10Y,14.785621,,14.785621,,0.8,1,rel-v0.5-full,2026-09-22T00:00:00Z
KOSPI,012330,KOSPI,005380,SUPPLY,10Y,45.118836,,47.226636,,0.75,4,rel-v0.5-full,2026-09-22T00:00:00Z
KOSPI,012330,KOSPI,017670,COMPETE,10Y,21.337214,,21.337214,,0.6,2,rel-v0.5-full,2026-09-22T00:00:00Z
KOSPI,012330,KOSPI,030200,PARTNER,10Y,89.771579,,89.771579,,0.7125,16,rel-v0.5-full,2026-09-22T00:00:00Z
KOSPI,012330,KOSPI,051910,PARTNER,10Y,55.067104,,55.067104,,0.8,5,rel-v0.5-full,2026-09-22T00:00:00Z
KOSPI,012330,KOSPI,086790,PARTNER,30D,14.785621,,14.785621,,0.8,1,rel-v0.5-full,2026-09-22T00:00:00Z
KOSPI,012330,KOSPI,086790,PARTNER,90D,14.785621,,14.785621,,0.8,1,rel-v0.5-full,2026-09-22T00:00:00Z
KOSPI,012330,KOSPI,086790,PARTNER,1Y,14.785621,,14.785621,,0.8,1,rel-v0.5-full,2026-09-22T00:00:00Z
KOSPI,012330,KOSPI,086790,PARTNER,10Y,14.785621,,14.785621,,0.8,1,rel-v0.5-full,2026-09-22T00:00:00Z
KOSPI,012330,KOSPI,267270,PARTNER,1Y,11.307956,,11.307956,,0.6,1,rel-v0.5-full,2026-09-22T00:00:00Z
KOSPI,012330,KOSPI,267270,PARTNER,10Y,24.421626,,24.421626,,0.7,2,rel-v0.5-full,2026-09-22T00:00:00Z
KOSPI,012330,KOSPI,271560,COMPETE,10Y,63.212056,,63.212056,,0.625,8,rel-v0.5-full,2026-09-22T00:00:00Z
KOSPI,012330,KOSPI,373220,PARTNER,10Y,68.651382,,68.651382,,0.725,8,rel-v0.5-full,2026-09-22T00:00:00Z
KOSPI,012330,NASDAQ,QCOM,PARTNER,1Y,11.307956,,11.307956,,0.6,1,rel-v0.5-full,2026-09-22T00:00:00Z
KOSPI,012330,NASDAQ,QCOM,PARTNER,10Y,81.362602,,81.362602,,0.6,14,rel-v0.5-full,2026-09-22T00:00:00Z
KOSPI,012450,KOSPI,042660,COMPETE,10Y,11.307956,,11.307956,,0.6,1,rel-v0.5-full,2026-09-22T00:00:00Z
KOSPI,012450,KOSPI,042660,PARTNER,30D,24.421626,,24.421626,,0.7,2,rel-v0.5-full,2026-09-22T00:00:00Z
KOSPI,012450,KOSPI,042660,PARTNER,90D,24.421626,,24.421626,,0.7,2,rel-v0.5-full,2026-09-22T00:00:00Z
KOSPI,012450,KOSPI,042660,PARTNER,1Y,24.421626,,24.421626,,0.7,2,rel-v0.5-full,2026-09-22T00:00:00Z
KOSPI,012450,KOSPI,042660,PARTNER,10Y,66.040447,,66.040447,,0.771429,7,rel-v0.5-full,2026-09-22T00:00:00Z
KOSPI,012450,KOSPI,047050,PARTNER,10Y,27.385096,,27.385096,,0.8,2,rel-v0.5-full,2026-09-22T00:00:00Z
KOSPI,012450,KOSPI,047810,COMPETE,10Y,66.040447,,66.040447,,0.771429,7,rel-v0.5-full,2026-09-22T00:00:00Z
KOSPI,012450,KOSPI,047810,PARTNER,30D,14.785621,,14.785621,,0.8,1,rel-v0.5-full,2026-09-22T00:00:00Z
KOSPI,012450,KOSPI,047810,PARTNER,90D,14.785621,,14.785621,,0.8,1,rel-v0.5-full,2026-09-22T00:00:00Z
KOSPI,012450,KOSPI,047810,PARTNER,1Y,14.785621,,14.785621,,0.8,1,rel-v0.5-full,2026-09-22T00:00:00Z
KOSPI,012450,KOSPI,047810,PARTNER,10Y,74.333922,,74.333922,,0.755556,9,rel-v0.5-full,2026-09-22T00:00:00Z
KOSPI,012450,KOSPI,055550,PARTNER,10Y,11.307956,,11.307956,,0.6,1,rel-v0.5-full,2026-09-22T00:00:00Z
KOSPI,012450,KOSPI,064350,PARTNER,10Y,76.307224,,76.307224,,0.8,9,rel-v0.5-full,2026-09-22T00:00:00Z
KOSPI,012450,KOSPI,079550,PARTNER,10Y,27.385096,,27.385096,,0.8,2,rel-v0.5-full,2026-09-22T00:00:00Z
KOSPI,012450,KOSPI,272210,COMPETE,10Y,14.785621,,14.785621,,0.8,1,rel-v0.5-full,2026-09-22T00:00:00Z
KOSPI,012450,KOSPI,272210,PARTNER,30D,14.785621,,14.785621,,0.8,1,rel-v0.5-full,2026-09-22T00:00:00Z
KOSPI,012450,KOSPI,272210,PARTNER,90D,14.785621,,14.785621,,0.8,1,rel-v0.5-full,2026-09-22T00:00:00Z
KOSPI,012450,KOSPI,272210,PARTNER,1Y,14.785621,,14.785621,,0.8,1,rel-v0.5-full,2026-09-22T00:00:00Z
KOSPI,012450,KOSPI,272210,PARTNER,10Y,98.168436,,98.168436,,0.714286,28,rel-v0.5-full,2026-09-22T00:00:00Z
KOSPI,012450,KOSPI,329180,PARTNER,10Y,11.307956,,11.307956,,0.6,1,rel-v0.5-full,2026-09-22T00:00:00Z
KOSPI,012450,KOSPI,373220,PARTNER,10Y,30.232367,,30.232367,,0.6,3,rel-v0.5-full,2026-09-22T00:00:00Z
KOSPI,0126Z0,KOSPI,068270,COMPETE,10Y,24.421626,,24.421626,,0.7,2,rel-v0.5-full,2026-09-22T00:00:00Z
KOSPI,0126Z0,KOSPI,068270,PARTNER,10Y,14.785621,,14.785621,,0.8,1,rel-v0.5-full,2026-09-22T00:00:00Z
KOSPI,0126Z0,KOSPI,128940,PARTNER,30D,14.785621,,14.785621,,0.8,1,rel-v0.5-full,2026-09-22T00:00:00Z
KOSPI,0126Z0,KOSPI,128940,PARTNER,90D,14.785621,,14.785621,,0.8,1,rel-v0.5-full,2026-09-22T00:00:00Z
KOSPI,0126Z0,KOSPI,128940,PARTNER,1Y,14.785621,,14.785621,,0.8,1,rel-v0.5-full,2026-09-22T00:00:00Z
KOSPI,0126Z0,KOSPI,128940,PARTNER,10Y,27.385096,,27.385096,,0.8,2,rel-v0.5-full,2026-09-22T00:00:00Z
KOSPI,0126Z0,KOSPI,207940,PARTNER,10Y,85.914158,,85.914158,,0.6125,16,rel-v0.5-full,2026-09-22T00:00:00Z
KOSPI,0126Z0,NASDAQ,AMGN,COMPETE,10Y,24.421626,,24.421626,,0.7,2,rel-v0.5-full,2026-09-22T00:00:00Z
KOSPI,015760,KOSPI,017670,PARTNER,10Y,95.021293,,95.021293,,0.789474,19,rel-v0.5-full,2026-09-22T00:00:00Z
KOSPI,015760,KOSPI,028260,PARTNER,10Y,14.785621,,14.785621,,0.8,1,rel-v0.5-full,2026-09-22T00:00:00Z
KOSPI,015760,KOSPI,030200,PARTNER,10Y,61.710711,,61.710711,,0.8,6,rel-v0.5-full,2026-09-22T00:00:00Z
KOSPI,015760,KOSPI,032640,PARTNER,10Y,11.307956,,11.307956,,0.6,1,rel-v0.5-full,2026-09-22T00:00:00Z
KOSPI,015760,KOSPI,034730,PARTNER,10Y,35.596358,,35.596358,,0.733333,3,rel-v0.5-full,2026-09-22T00:00:00Z
KOSPI,015760,KOSPI,035720,PARTNER,10Y,11.307956,,11.307956,,0.6,1,rel-v0.5-full,2026-09-22T00:00:00Z
KOSPI,015760,KOSPI,055550,PARTNER,10Y,14.785621,,14.785621,,0.8,1,rel-v0.5-full,2026-09-22T00:00:00Z
KOSPI,015760,KOSPI,064400,PARTNER,10Y,35.596358,,35.596358,,0.733333,3,rel-v0.5-full,2026-09-22T00:00:00Z
KOSPI,015760,KOSPI,086280,COMPETE,10Y,27.385096,,27.385096,,0.8,2,rel-v0.5-full,2026-09-22T00:00:00Z
KOSPI,015760,KOSPI,086280,PARTNER,10Y,14.785621,,14.785621,,0.8,1,rel-v0.5-full,2026-09-22T00:00:00Z
KOSPI,015760,KOSPI,086790,PARTNER,10Y,14.785621,,14.785621,,0.8,1,rel-v0.5-full,2026-09-22T00:00:00Z
KOSPI,015760,KOSPI,267260,PARTNER,10Y,14.785621,,14.785621,,0.8,1,rel-v0.5-full,2026-09-22T00:00:00Z
KOSPI,015760,KOSPI,298040,PARTNER,10Y,11.307956,,11.307956,,0.6,1,rel-v0.5-full,2026-09-22T00:00:00Z
KOSPI,015760,NASDAQ,CSCO,PARTNER,10Y,11.307956,,11.307956,,0.6,1,rel-v0.5-full,2026-09-22T00:00:00Z
KOSPI,016360,KOSPI,035420,PARTNER,10Y,58.521709,,58.521709,,0.628571,7,rel-v0.5-full,2026-09-22T00:00:00Z
KOSPI,016360,KOSPI,039490,COMPETE,10Y,11.307956,,12.672956,,0.6,1,rel-v0.5-full,2026-09-22T00:00:00Z
KOSPI,016360,KOSPI,051910,PARTNER,10Y,11.307956,,11.307956,,0.6,1,rel-v0.5-full,2026-09-22T00:00:00Z
KOSPI,016360,KOSPI,055550,PARTNER,10Y,21.337214,,21.337214,,0.6,2,rel-v0.5-full,2026-09-22T00:00:00Z
KOSPI,016360,KOSPI,066970,COMPETE,10Y,11.307956,,11.307956,,0.6,1,rel-v0.5-full,2026-09-22T00:00:00Z
KOSPI,016360,KOSPI,071050,COMPETE,10Y,24.421626,,25.680726,,0.7,2,rel-v0.5-full,2026-09-22T00:00:00Z
KOSPI,016360,KOSPI,079550,SUPPLY,10Y,24.421626,,24.421626,,0.7,2,rel-v0.5-full,2026-09-22T00:00:00Z
KOSPI,016360,KOSPI,175330,PARTNER,10Y,14.785621,,14.785621,,0.8,1,rel-v0.5-full,2026-09-22T00:00:00Z
KOSPI,016360,KOSPI,373220,COMPETE,10Y,11.307956,,11.307956,,0.6,1,rel-v0.5-full,2026-09-22T00:00:00Z
KOSPI,016360,NASDAQ,META,COMPETE,10Y,11.307956,,11.307956,,0.6,1,rel-v0.5-full,2026-09-22T00:00:00Z
KOSPI,016360,NASDAQ,META,PARTNER,10Y,21.337214,,21.337214,,0.6,2,rel-v0.5-full,2026-09-22T00:00:00Z
KOSPI,017670,KOSPI,000660,SUPPLY,10Y,13.064176,,13.064176,,0.7,1,rel-v0.5-full,2026-09-22T00:00:00Z
KOSPI,017670,KOSPI,024110,PARTNER,10Y,11.307956,,11.307956,,0.6,1,rel-v0.5-full,2026-09-22T00:00:00Z
KOSPI,017670,KOSPI,029780,PARTNER,10Y,21.337214,,21.337214,,0.6,2,rel-v0.5-full,2026-09-22T00:00:00Z
KOSPI,017670,KOSPI,030200,COMPETE,10Y,99.931081,,99.931081,,0.758333,48,rel-v0.5-full,2026-09-22T00:00:00Z
KOSPI,017670,KOSPI,030200,PARTNER,30D,11.307956,,11.307956,,0.6,1,rel-v0.5-full,2026-09-22T00:00:00Z
KOSPI,017670,KOSPI,030200,PARTNER,90D,11.307956,,11.307956,,0.6,1,rel-v0.5-full,2026-09-22T00:00:00Z
KOSPI,017670,KOSPI,030200,PARTNER,1Y,11.307956,,11.307956,,0.6,1,rel-v0.5-full,2026-09-22T00:00:00Z
KOSPI,017670,KOSPI,030200,PARTNER,10Y,98.559241,,98.559241,,0.731034,29,rel-v0.5-full,2026-09-22T00:00:00Z
KOSPI,017670,KOSPI,032640,COMPETE,10Y,95.584283,,95.584283,,0.78,20,rel-v0.5-full,2026-09-22T00:00:00Z
KOSPI,017670,KOSPI,032640,PARTNER,10Y,60.148096,,60.148096,,0.766667,6,rel-v0.5-full,2026-09-22T00:00:00Z
KOSPI,017670,KOSPI,035420,COMPETE,10Y,11.307956,,11.307956,,0.6,1,rel-v0.5-full,2026-09-22T00:00:00Z
KOSPI,017670,KOSPI,035420,PARTNER,10Y,74.333922,,74.333922,,0.755556,9,rel-v0.5-full,2026-09-22T00:00:00Z
KOSPI,017670,KOSPI,035720,COMPETE,10Y,24.421626,,24.421626,,0.7,2,rel-v0.5-full,2026-09-22T00:00:00Z
KOSPI,017670,KOSPI,035720,PARTNER,10Y,97.374766,,97.374766,,0.728,25,rel-v0.5-full,2026-09-22T00:00:00Z
KOSPI,017670,KOSPI,055550,PARTNER,10Y,27.385096,,27.385096,,0.8,2,rel-v0.5-full,2026-09-22T00:00:00Z
KOSPI,017670,KOSPI,055550,SUPPLY,10Y,13.064176,,13.064176,,0.7,1,rel-v0.5-full,2026-09-22T00:00:00Z
KOSPI,017670,KOSPI,064400,PARTNER,10Y,14.785621,,14.785621,,0.8,1,rel-v0.5-full,2026-09-22T00:00:00Z
KOSPI,017670,KOSPI,066570,PARTNER,10Y,35.596358,,35.596358,,0.733333,3,rel-v0.5-full,2026-09-22T00:00:00Z
KOSPI,017670,KOSPI,086790,COMPETE,10Y,14.785621,,14.785621,,0.8,1,rel-v0.5-full,2026-09-22T00:00:00Z
KOSPI,017670,KOSPI,086790,PARTNER,10Y,96.526474,,96.526474,,0.730435,23,rel-v0.5-full,2026-09-22T00:00:00Z
KOSPI,017670,KOSPI,090430,PARTNER,10Y,11.307956,,11.307956,,0.6,1,rel-v0.5-full,2026-09-22T00:00:00Z
KOSPI,017670,KOSPI,096770,PARTNER,10Y,11.307956,,11.307956,,0.6,1,rel-v0.5-full,2026-09-22T00:00:00Z
KOSPI,017670,KOSPI,105560,PARTNER,10Y,21.337214,,21.337214,,0.6,2,rel-v0.5-full,2026-09-22T00:00:00Z
KOSPI,017670,KOSPI,267270,PARTNER,10Y,11.307956,,11.307956,,0.6,1,rel-v0.5-full,2026-09-22T00:00:00Z
KOSPI,017670,KOSPI,271560,PARTNER,10Y,14.785621,,14.785621,,0.8,1,rel-v0.5-full,2026-09-22T00:00:00Z
KOSPI,017670,KOSPI,272210,PARTNER,10Y,99.912387,,99.912387,,0.748936,47,rel-v0.5-full,2026-09-22T00:00:00Z
KOSPI,017670,KOSPI,316140,COMPETE,10Y,11.307956,,11.307956,,0.6,1,rel-v0.5-full,2026-09-22T00:00:00Z
KOSPI,017670,KOSPI,316140,PARTNER,10Y,35.596358,,35.596358,,0.733333,3,rel-v0.5-full,2026-09-22T00:00:00Z
KOSPI,017670,KOSPI,352820,PARTNER,10Y,11.307956,,11.307956,,0.6,1,rel-v0.5-full,2026-09-22T00:00:00Z
KOSPI,017670,KOSPI,377300,PARTNER,10Y,51.324774,,51.324774,,0.72,5,rel-v0.5-full,2026-09-22T00:00:00Z
KOSPI,017670,KOSPI,402340,PARTNER,10Y,51.324774,,51.324774,,0.72,5,rel-v0.5-full,2026-09-22T00:00:00Z
KOSPI,017670,NASDAQ,AAPL,PARTNER,10Y,78.986393,,78.986393,,0.6,13,rel-v0.5-full,2026-09-22T00:00:00Z
KOSPI,017670,NASDAQ,AMZN,PARTNER,10Y,99.901217,,99.901217,,0.629091,55,rel-v0.5-full,2026-09-22T00:00:00Z
KOSPI,017670,NASDAQ,CMCSA,PARTNER,10Y,75.340304,,75.340304,,0.7,10,rel-v0.5-full,2026-09-22T00:00:00Z
KOSPI,017670,NASDAQ,GEHC,PARTNER,10Y,38.121661,,38.121661,,0.8,3,rel-v0.5-full,2026-09-22T00:00:00Z
KOSPI,017670,NASDAQ,GOOGL,PARTNER,10Y,49.338301,,49.338301,,0.68,5,rel-v0.5-full,2026-09-22T00:00:00Z
KOSPI,017670,NASDAQ,INTC,PARTNER,10Y,82.093385,,82.093385,,0.716667,12,rel-v0.5-full,2026-09-22T00:00:00Z
KOSPI,017670,NASDAQ,MSFT,PARTNER,10Y,96.662673,,96.662673,,0.62963,27,rel-v0.5-full,2026-09-22T00:00:00Z
KOSPI,017670,NASDAQ,NFLX,COMPETE,10Y,11.307956,,11.307956,,0.6,1,rel-v0.5-full,2026-09-22T00:00:00Z
KOSPI,017670,NASDAQ,NFLX,PARTNER,1Y,14.785621,,14.785621,,0.8,1,rel-v0.5-full,2026-09-22T00:00:00Z
KOSPI,017670,NASDAQ,NFLX,PARTNER,10Y,71.061578,,71.061578,,0.62,10,rel-v0.5-full,2026-09-22T00:00:00Z
KOSPI,017670,NASDAQ,NVDA,PARTNER,1Y,11.307956,,11.307956,,0.6,1,rel-v0.5-full,2026-09-22T00:00:00Z
KOSPI,017670,NASDAQ,NVDA,PARTNER,10Y,63.212056,,63.212056,,0.625,8,rel-v0.5-full,2026-09-22T00:00:00Z
KOSPI,017670,NASDAQ,QCOM,PARTNER,10Y,30.232367,,30.232367,,0.6,3,rel-v0.5-full,2026-09-22T00:00:00Z
KOSPI,017670,NASDAQ,SBUX,PARTNER,10Y,11.307956,,11.307956,,0.6,1,rel-v0.5-full,2026-09-22T00:00:00Z
KOSPI,017670,NASDAQ,TSLA,PARTNER,10Y,11.307956,,11.307956,,0.6,1,rel-v0.5-full,2026-09-22T00:00:00Z
KOSPI,018260,KOSPI,024110,PARTNER,10Y,58.521709,,58.521709,,0.628571,7,rel-v0.5-full,2026-09-22T00:00:00Z
KOSPI,018260,KOSPI,030200,PARTNER,10Y,55.067104,,55.067104,,0.8,5,rel-v0.5-full,2026-09-22T00:00:00Z
KOSPI,018260,KOSPI,034730,COMPETE,10Y,38.121661,,38.121661,,0.8,3,rel-v0.5-full,2026-09-22T00:00:00Z
KOSPI,018260,KOSPI,064400,COMPETE,10Y,64.654532,,66.200432,,0.742857,7,rel-v0.5-full,2026-09-22T00:00:00Z
KOSPI,018260,KOSPI,064400,PARTNER,10Y,24.421626,,25.967526,,0.7,2,rel-v0.5-full,2026-09-22T00:00:00Z
KOSPI,018260,NASDAQ,AMZN,PARTNER,10Y,83.470111,,83.470111,,0.642857,14,rel-v0.5-full,2026-09-22T00:00:00Z
KOSPI,018260,NASDAQ,GOOGL,PARTNER,10Y,11.307956,,11.307956,,0.6,1,rel-v0.5-full,2026-09-22T00:00:00Z
KOSPI,018260,NASDAQ,WDAY,PARTNER,10Y,11.307956,,11.307956,,0.6,1,rel-v0.5-full,2026-09-22T00:00:00Z
KOSPI,021240,KOSPI,029780,PARTNER,10Y,11.307956,,11.307956,,0.6,1,rel-v0.5-full,2026-09-22T00:00:00Z
KOSPI,021240,KOSPI,030200,PARTNER,10Y,14.785621,,14.785621,,0.8,1,rel-v0.5-full,2026-09-22T00:00:00Z
KOSPI,021240,KOSPI,055550,PARTNER,10Y,35.596358,,35.596358,,0.733333,3,rel-v0.5-full,2026-09-22T00:00:00Z
KOSPI,021240,KOSPI,066570,COMPETE,10Y,24.421626,,24.421626,,0.7,2,rel-v0.5-full,2026-09-22T00:00:00Z
KOSPI,021240,NASDAQ,MAR,PARTNER,10Y,30.232367,,30.232367,,0.6,3,rel-v0.5-full,2026-09-22T00:00:00Z
KOSPI,021240,NASDAQ,NFLX,COMPETE,10Y,11.307956,,11.307956,,0.6,1,rel-v0.5-full,2026-09-22T00:00:00Z
KOSPI,024110,KOSPI,030200,PARTNER,10Y,42.879094,,42.879094,,0.7,4,rel-v0.5-full,2026-09-22T00:00:00Z
KOSPI,024110,KOSPI,032640,PARTNER,10Y,11.307956,,11.307956,,0.6,1,rel-v0.5-full,2026-09-22T00:00:00Z
KOSPI,024110,KOSPI,034730,PARTNER,10Y,14.785621,,14.785621,,0.8,1,rel-v0.5-full,2026-09-22T00:00:00Z
KOSPI,024110,KOSPI,035420,PARTNER,10Y,32.967995,,32.967995,,0.666667,3,rel-v0.5-full,2026-09-22T00:00:00Z
KOSPI,024110,KOSPI,055550,PARTNER,10Y,55.067104,,56.049304,,0.8,5,rel-v0.5-full,2026-09-22T00:00:00Z
KOSPI,024110,KOSPI,071050,PARTNER,10Y,21.337214,,21.337214,,0.6,2,rel-v0.5-full,2026-09-22T00:00:00Z
KOSPI,024110,KOSPI,086790,PARTNER,30D,27.385096,,28.385296,,0.8,2,rel-v0.5-full,2026-09-22T00:00:00Z
KOSPI,024110,KOSPI,086790,PARTNER,90D,27.385096,,28.385296,,0.8,2,rel-v0.5-full,2026-09-22T00:00:00Z
KOSPI,024110,KOSPI,086790,PARTNER,1Y,27.385096,,28.385296,,0.8,2,rel-v0.5-full,2026-09-22T00:00:00Z
KOSPI,024110,KOSPI,086790,PARTNER,10Y,61.710711,,62.710911,,0.8,6,rel-v0.5-full,2026-09-22T00:00:00Z
KOSPI,024110,KOSPI,088350,PARTNER,10Y,11.307956,,11.307956,,0.6,1,rel-v0.5-full,2026-09-22T00:00:00Z
KOSPI,024110,KOSPI,105560,PARTNER,10Y,27.385096,,27.385096,,0.8,2,rel-v0.5-full,2026-09-22T00:00:00Z
KOSPI,024110,KOSPI,259960,PARTNER,1Y,14.785621,,14.785621,,0.8,1,rel-v0.5-full,2026-09-22T00:00:00Z
KOSPI,024110,KOSPI,259960,PARTNER,10Y,14.785621,,14.785621,,0.8,1,rel-v0.5-full,2026-09-22T00:00:00Z
KOSPI,024110,KOSPI,316140,PARTNER,10Y,38.121661,,39.526561,,0.8,3,rel-v0.5-full,2026-09-22T00:00:00Z
KOSPI,024110,KOSPI,329180,PARTNER,10Y,14.785621,,14.785621,,0.8,1,rel-v0.5-full,2026-09-22T00:00:00Z
KOSPI,028050,KOSPI,034730,PARTNER,10Y,14.785621,,14.785621,,0.8,1,rel-v0.5-full,2026-09-22T00:00:00Z
KOSPI,028050,KOSPI,035420,PARTNER,10Y,11.307956,,11.307956,,0.6,1,rel-v0.5-full,2026-09-22T00:00:00Z
KOSPI,028050,KOSPI,078930,PARTNER,10Y,14.785621,,14.785621,,0.8,1,rel-v0.5-full,2026-09-22T00:00:00Z
KOSPI,028050,NASDAQ,BKR,PARTNER,10Y,14.785621,,14.785621,,0.8,1,rel-v0.5-full,2026-09-22T00:00:00Z
KOSPI,028260,KOSPI,032830,PARTNER,10Y,11.307956,,12.847856,,0.6,1,rel-v0.5-full,2026-09-22T00:00:00Z
KOSPI,028260,KOSPI,033780,PARTNER,10Y,14.785621,,14.785621,,0.8,1,rel-v0.5-full,2026-09-22T00:00:00Z
KOSPI,028260,KOSPI,034020,PARTNER,10Y,27.385096,,27.385096,,0.8,2,rel-v0.5-full,2026-09-22T00:00:00Z
KOSPI,028260,KOSPI,035420,PARTNER,10Y,11.307956,,11.307956,,0.6,1,rel-v0.5-full,2026-09-22T00:00:00Z
KOSPI,028260,KOSPI,047040,COMPETE,10Y,85.339304,,85.339304,,0.738462,13,rel-v0.5-full,2026-09-22T00:00:00Z
KOSPI,028260,KOSPI,047040,PARTNER,10Y,21.337214,,21.337214,,0.6,2,rel-v0.5-full,2026-09-22T00:00:00Z
KOSPI,028260,KOSPI,051910,PARTNER,10Y,14.785621,,14.785621,,0.8,1,rel-v0.5-full,2026-09-22T00:00:00Z
KOSPI,028260,KOSPI,064350,PARTNER,10Y,11.307956,,11.307956,,0.6,1,rel-v0.5-full,2026-09-22T00:00:00Z
KOSPI,028260,KOSPI,064400,PARTNER,10Y,27.385096,,27.385096,,0.8,2,rel-v0.5-full,2026-09-22T00:00:00Z
KOSPI,028260,KOSPI,078930,PARTNER,10Y,27.385096,,27.385096,,0.8,2,rel-v0.5-full,2026-09-22T00:00:00Z
KOSPI,028260,KOSPI,105560,PARTNER,10Y,38.121661,,38.121661,,0.8,3,rel-v0.5-full,2026-09-22T00:00:00Z
KOSPI,029780,KOSPI,035420,PARTNER,10Y,72.19627,,72.19627,,0.8,8,rel-v0.5-full,2026-09-22T00:00:00Z
KOSPI,029780,KOSPI,035720,PARTNER,10Y,14.785621,,14.785621,,0.8,1,rel-v0.5-full,2026-09-22T00:00:00Z
KOSPI,029780,KOSPI,055550,COMPETE,10Y,11.307956,,11.307956,,0.6,1,rel-v0.5-full,2026-09-22T00:00:00Z
KOSPI,029780,KOSPI,090430,PARTNER,10Y,27.385096,,27.385096,,0.8,2,rel-v0.5-full,2026-09-22T00:00:00Z
KOSPI,029780,KOSPI,105560,COMPETE,10Y,14.785621,,14.785621,,0.8,1,rel-v0.5-full,2026-09-22T00:00:00Z
KOSPI,029780,KOSPI,323410,PARTNER,10Y,11.307956,,11.307956,,0.6,1,rel-v0.5-full,2026-09-22T00:00:00Z
KOSPI,029780,KOSPI,377300,PARTNER,10Y,58.521709,,58.521709,,0.628571,7,rel-v0.5-full,2026-09-22T00:00:00Z
KOSPI,029780,NASDAQ,COST,PARTNER,10Y,64.654532,,64.654532,,0.65,8,rel-v0.5-full,2026-09-22T00:00:00Z
KOSPI,029780,NASDAQ,SBUX,PARTNER,10Y,32.967995,,32.967995,,0.666667,3,rel-v0.5-full,2026-09-22T00:00:00Z
KOSPI,029780,NASDAQ,TSLA,PARTNER,10Y,14.785621,,14.785621,,0.8,1,rel-v0.5-full,2026-09-22T00:00:00Z
KOSPI,030200,KOSPI,032640,COMPETE,30D,14.785621,,15.970621,,0.8,1,rel-v0.5-full,2026-09-22T00:00:00Z
KOSPI,030200,KOSPI,032640,COMPETE,90D,14.785621,,15.970621,,0.8,1,rel-v0.5-full,2026-09-22T00:00:00Z
KOSPI,030200,KOSPI,032640,COMPETE,1Y,14.785621,,15.970621,,0.8,1,rel-v0.5-full,2026-09-22T00:00:00Z
KOSPI,030200,KOSPI,032640,COMPETE,10Y,99.947912,,100.0,,0.771429,49,rel-v0.5-full,2026-09-22T00:00:00Z
KOSPI,030200,KOSPI,032640,PARTNER,10Y,99.980056,,100.0,,0.747368,57,rel-v0.5-full,2026-09-22T00:00:00Z
KOSPI,030200,KOSPI,034730,PARTNER,10Y,38.121661,,38.121661,,0.8,3,rel-v0.5-full,2026-09-22T00:00:00Z
KOSPI,030200,KOSPI,035420,PARTNER,10Y,74.333922,,74.333922,,0.755556,9,rel-v0.5-full,2026-09-22T00:00:00Z
KOSPI,030200,KOSPI,035420,SUPPLY,10Y,24.421626,,24.421626,,0.7,2,rel-v0.5-full,2026-09-22T00:00:00Z
KOSPI,030200,KOSPI,035720,PARTNER,10Y,63.212056,,63.212056,,0.625,8,rel-v0.5-full,2026-09-22T00:00:00Z
KOSPI,030200,KOSPI,051910,PARTNER,10Y,58.521709,,58.521709,,0.733333,6,rel-v0.5-full,2026-09-22T00:00:00Z
KOSPI,030200,KOSPI,055550,COMPETE,10Y,90.928205,,90.928205,,0.6,20,rel-v0.5-full,2026-09-22T00:00:00Z
KOSPI,030200,KOSPI,055550,PARTNER,10Y,99.955614,,99.955614,,0.701818,55,rel-v0.5-full,2026-09-22T00:00:00Z
KOSPI,030200,KOSPI,064350,PARTNER,10Y,38.121661,,38.121661,,0.8,3,rel-v0.5-full,2026-09-22T00:00:00Z
KOSPI,030200,KOSPI,066570,PARTNER,10Y,91.283915,,91.283915,,0.717647,17,rel-v0.5-full,2026-09-22T00:00:00Z
KOSPI,030200,KOSPI,071050,PARTNER,10Y,38.121661,,38.121661,,0.6,4,rel-v0.5-full,2026-09-22T00:00:00Z
KOSPI,030200,KOSPI,079550,PARTNER,10Y,14.785621,,14.785621,,0.8,1,rel-v0.5-full,2026-09-22T00:00:00Z
KOSPI,030200,KOSPI,086280,PARTNER,10Y,14.785621,,14.785621,,0.8,1,rel-v0.5-full,2026-09-22T00:00:00Z
KOSPI,030200,KOSPI,086790,PARTNER,10Y,30.232367,,30.232367,,0.6,3,rel-v0.5-full,2026-09-22T00:00:00Z
KOSPI,030200,KOSPI,105560,PARTNER,10Y,49.338301,,49.338301,,0.68,5,rel-v0.5-full,2026-09-22T00:00:00Z
KOSPI,030200,KOSPI,128940,PARTNER,10Y,53.233357,,53.233357,,0.76,5,rel-v0.5-full,2026-09-22T00:00:00Z
KOSPI,030200,KOSPI,180640,PARTNER,10Y,40.547945,,40.547945,,0.65,4,rel-v0.5-full,2026-09-22T00:00:00Z
KOSPI,030200,KOSPI,267250,PARTNER,10Y,11.307956,,11.307956,,0.6,1,rel-v0.5-full,2026-09-22T00:00:00Z
KOSPI,030200,KOSPI,267270,PARTNER,10Y,92.269526,,92.269526,,0.711111,18,rel-v0.5-full,2026-09-22T00:00:00Z
KOSPI,030200,KOSPI,271560,COMPETE,10Y,45.118836,,45.118836,,0.6,5,rel-v0.5-full,2026-09-22T00:00:00Z
KOSPI,030200,KOSPI,271560,PARTNER,10Y,14.785621,,14.785621,,0.8,1,rel-v0.5-full,2026-09-22T00:00:00Z
KOSPI,030200,KOSPI,272210,PARTNER,10Y,56.828948,,56.828948,,0.7,6,rel-v0.5-full,2026-09-22T00:00:00Z
KOSPI,030200,KOSPI,316140,PARTNER,10Y,69.880579,,69.880579,,0.75,8,rel-v0.5-full,2026-09-22T00:00:00Z
KOSPI,030200,KOSPI,329180,PARTNER,10Y,78.986393,,78.986393,,0.709091,11,rel-v0.5-full,2026-09-22T00:00:00Z
KOSPI,030200,NASDAQ,AAPL,PARTNER,10Y,30.232367,,30.232367,,0.6,3,rel-v0.5-full,2026-09-22T00:00:00Z
KOSPI,030200,NASDAQ,ADBE,PARTNER,10Y,11.307956,,11.307956,,0.6,1,rel-v0.5-full,2026-09-22T00:00:00Z
KOSPI,030200,NASDAQ,AMD,PARTNER,10Y,53.233357,,53.233357,,0.76,5,rel-v0.5-full,2026-09-22T00:00:00Z
KOSPI,030200,NASDAQ,AMZN,COMPETE,10Y,11.307956,,11.307956,,0.6,1,rel-v0.5-full,2026-09-22T00:00:00Z
KOSPI,030200,NASDAQ,AMZN,PARTNER,10Y,88.467488,,88.467488,,0.675,16,rel-v0.5-full,2026-09-22T00:00:00Z
KOSPI,030200,NASDAQ,CSCO,PARTNER,10Y,53.233357,,53.233357,,0.76,5,rel-v0.5-full,2026-09-22T00:00:00Z
KOSPI,030200,NASDAQ,GOOGL,PARTNER,10Y,14.785621,,14.785621,,0.8,1,rel-v0.5-full,2026-09-22T00:00:00Z
KOSPI,030200,NASDAQ,INTC,PARTNER,10Y,63.212056,,63.212056,,0.714286,7,rel-v0.5-full,2026-09-22T00:00:00Z
KOSPI,030200,NASDAQ,META,PARTNER,10Y,11.307956,,11.307956,,0.6,1,rel-v0.5-full,2026-09-22T00:00:00Z
KOSPI,030200,NASDAQ,MSFT,PARTNER,1Y,11.307956,,11.307956,,0.6,1,rel-v0.5-full,2026-09-22T00:00:00Z
KOSPI,030200,NASDAQ,MSFT,PARTNER,10Y,93.918994,,93.918994,,0.636364,22,rel-v0.5-full,2026-09-22T00:00:00Z
KOSPI,030200,NASDAQ,NFLX,COMPETE,10Y,21.337214,,21.337214,,0.6,2,rel-v0.5-full,2026-09-22T00:00:00Z
KOSPI,030200,NASDAQ,NFLX,PARTNER,10Y,91.625677,,91.625677,,0.652632,19,rel-v0.5-full,2026-09-22T00:00:00Z
KOSPI,030200,NASDAQ,NVDA,PARTNER,1Y,27.385096,,27.385096,,0.8,2,rel-v0.5-full,2026-09-22T00:00:00Z
KOSPI,030200,NASDAQ,NVDA,PARTNER,10Y,27.385096,,27.385096,,0.8,2,rel-v0.5-full,2026-09-22T00:00:00Z
KOSPI,030200,NASDAQ,PLTR,PARTNER,1Y,14.785621,,14.785621,,0.8,1,rel-v0.5-full,2026-09-22T00:00:00Z
KOSPI,030200,NASDAQ,PLTR,PARTNER,10Y,35.596358,,35.596358,,0.733333,3,rel-v0.5-full,2026-09-22T00:00:00Z
KOSPI,030200,NASDAQ,QCOM,PARTNER,10Y,45.118836,,45.118836,,0.75,4,rel-v0.5-full,2026-09-22T00:00:00Z
KOSPI,030200,NASDAQ,SBUX,PARTNER,10Y,21.337214,,21.337214,,0.6,2,rel-v0.5-full,2026-09-22T00:00:00Z
KOSPI,030200,NASDAQ,TSLA,PARTNER,10Y,53.233357,,53.233357,,0.76,5,rel-v0.5-full,2026-09-22T00:00:00Z
KOSPI,032640,KOSPI,035420,PARTNER,10Y,85.914158,,85.914158,,0.7,14,rel-v0.5-full,2026-09-22T00:00:00Z
KOSPI,032640,KOSPI,035720,PARTNER,10Y,58.521709,,58.521709,,0.733333,6,rel-v0.5-full,2026-09-22T00:00:00Z
KOSPI,032640,KOSPI,047040,PARTNER,10Y,11.307956,,11.307956,,0.6,1,rel-v0.5-full,2026-09-22T00:00:00Z
KOSPI,032640,KOSPI,047810,PARTNER,10Y,14.785621,,14.785621,,0.8,1,rel-v0.5-full,2026-09-22T00:00:00Z
KOSPI,032640,KOSPI,051910,PARTNER,10Y,21.337214,,21.337214,,0.6,2,rel-v0.5-full,2026-09-22T00:00:00Z
KOSPI,032640,KOSPI,055550,PARTNER,10Y,64.654532,,64.654532,,0.65,8,rel-v0.5-full,2026-09-22T00:00:00Z
KOSPI,032640,KOSPI,064400,PARTNER,10Y,40.547945,,40.547945,,0.65,4,rel-v0.5-full,2026-09-22T00:00:00Z
KOSPI,032640,KOSPI,066570,COMPETE,10Y,11.307956,,11.307956,,0.6,1,rel-v0.5-full,2026-09-22T00:00:00Z
KOSPI,032640,KOSPI,066570,PARTNER,10Y,82.093385,,82.093385,,0.661538,13,rel-v0.5-full,2026-09-22T00:00:00Z
KOSPI,032640,KOSPI,086790,PARTNER,10Y,24.421626,,24.421626,,0.7,2,rel-v0.5-full,2026-09-22T00:00:00Z
KOSPI,032640,KOSPI,090430,PARTNER,10Y,14.785621,,14.785621,,0.8,1,rel-v0.5-full,2026-09-22T00:00:00Z
KOSPI,032640,KOSPI,105560,PARTNER,10Y,21.337214,,21.337214,,0.6,2,rel-v0.5-full,2026-09-22T00:00:00Z
KOSPI,032640,KOSPI,316140,PARTNER,10Y,30.232367,,30.232367,,0.6,3,rel-v0.5-full,2026-09-22T00:00:00Z
KOSPI,032640,KOSPI,352820,COMPETE,10Y,11.307956,,11.307956,,0.6,1,rel-v0.5-full,2026-09-22T00:00:00Z
KOSPI,032640,NASDAQ,AAPL,PARTNER,10Y,14.785621,,14.785621,,0.8,1,rel-v0.5-full,2026-09-22T00:00:00Z
KOSPI,032640,NASDAQ,AMZN,PARTNER,1Y,24.421626,,24.421626,,0.7,2,rel-v0.5-full,2026-09-22T00:00:00Z
KOSPI,032640,NASDAQ,AMZN,PARTNER,10Y,42.879094,,42.879094,,0.7,4,rel-v0.5-full,2026-09-22T00:00:00Z
KOSPI,032640,NASDAQ,GOOGL,PARTNER,30D,11.307956,,11.307956,,0.6,1,rel-v0.5-full,2026-09-22T00:00:00Z
KOSPI,032640,NASDAQ,GOOGL,PARTNER,90D,11.307956,,11.307956,,0.6,1,rel-v0.5-full,2026-09-22T00:00:00Z
KOSPI,032640,NASDAQ,GOOGL,PARTNER,1Y,11.307956,,11.307956,,0.6,1,rel-v0.5-full,2026-09-22T00:00:00Z
KOSPI,032640,NASDAQ,GOOGL,PARTNER,10Y,98.615734,,98.615734,,0.713333,30,rel-v0.5-full,2026-09-22T00:00:00Z
KOSPI,032640,NASDAQ,HON,PARTNER,10Y,11.307956,,11.307956,,0.6,1,rel-v0.5-full,2026-09-22T00:00:00Z
KOSPI,032640,NASDAQ,META,PARTNER,10Y,27.385096,,27.385096,,0.8,2,rel-v0.5-full,2026-09-22T00:00:00Z
KOSPI,032640,NASDAQ,NFLX,COMPETE,10Y,11.307956,,11.307956,,0.6,1,rel-v0.5-full,2026-09-22T00:00:00Z
KOSPI,032640,NASDAQ,NFLX,PARTNER,10Y,99.469974,,99.469974,,0.609302,43,rel-v0.5-full,2026-09-22T00:00:00Z
KOSPI,032640,NASDAQ,NVDA,PARTNER,10Y,90.557978,,90.557978,,0.621053,19,rel-v0.5-full,2026-09-22T00:00:00Z
KOSPI,032640,NASDAQ,QCOM,PARTNER,10Y,38.121661,,38.121661,,0.6,4,rel-v0.5-full,2026-09-22T00:00:00Z
KOSPI,032640,NASDAQ,SBUX,PARTNER,1Y,11.307956,,11.307956,,0.6,1,rel-v0.5-full,2026-09-22T00:00:00Z
KOSPI,032640,NASDAQ,SBUX,PARTNER,10Y,11.307956,,11.307956,,0.6,1,rel-v0.5-full,2026-09-22T00:00:00Z
KOSPI,032830,KOSPI,035420,PARTNER,10Y,24.421626,,24.421626,,0.7,2,rel-v0.5-full,2026-09-22T00:00:00Z
KOSPI,032830,KOSPI,055550,COMPETE,10Y,60.148096,,60.148096,,0.657143,7,rel-v0.5-full,2026-09-22T00:00:00Z
KOSPI,032830,KOSPI,088350,COMPETE,10Y,74.333922,,74.333922,,0.755556,9,rel-v0.5-full,2026-09-22T00:00:00Z
KOSPI,032830,KOSPI,088350,PARTNER,10Y,24.421626,,24.421626,,0.7,2,rel-v0.5-full,2026-09-22T00:00:00Z
KOSPI,032830,KOSPI,105560,COMPETE,10Y,21.337214,,21.337214,,0.6,2,rel-v0.5-full,2026-09-22T00:00:00Z
KOSPI,032830,KOSPI,316140,COMPETE,10Y,73.28647,,73.28647,,0.6,11,rel-v0.5-full,2026-09-22T00:00:00Z
KOSPI,034020,KOSPI,034730,PARTNER,10Y,14.785621,,14.785621,,0.8,1,rel-v0.5-full,2026-09-22T00:00:00Z
KOSPI,034020,KOSPI,047040,PARTNER,10Y,60.148096,,60.148096,,0.766667,6,rel-v0.5-full,2026-09-22T00:00:00Z
KOSPI,034020,KOSPI,051910,PARTNER,10Y,27.385096,,27.385096,,0.8,2,rel-v0.5-full,2026-09-22T00:00:00Z
KOSPI,034020,KOSPI,064350,PARTNER,10Y,21.337214,,21.337214,,0.6,2,rel-v0.5-full,2026-09-22T00:00:00Z
KOSPI,034020,KOSPI,066970,PARTNER,10Y,53.233357,,53.233357,,0.633333,6,rel-v0.5-full,2026-09-22T00:00:00Z
KOSPI,034730,KOSPI,035720,PARTNER,10Y,14.785621,,14.785621,,0.8,1,rel-v0.5-full,2026-09-22T00:00:00Z
KOSPI,034730,KOSPI,047810,PARTNER,10Y,11.307956,,11.307956,,0.6,1,rel-v0.5-full,2026-09-22T00:00:00Z
KOSPI,034730,KOSPI,055550,PARTNER,10Y,60.148096,,60.148096,,0.657143,7,rel-v0.5-full,2026-09-22T00:00:00Z
KOSPI,034730,KOSPI,078930,COMPETE,10Y,38.121661,,38.121661,,0.8,3,rel-v0.5-full,2026-09-22T00:00:00Z
KOSPI,034730,KOSPI,090430,PARTNER,10Y,14.785621,,14.785621,,0.8,1,rel-v0.5-full,2026-09-22T00:00:00Z
KOSPI,034730,KOSPI,105560,PARTNER,10Y,27.385096,,27.385096,,0.8,2,rel-v0.5-full,2026-09-22T00:00:00Z
KOSPI,034730,KOSPI,267250,PARTNER,10Y,14.785621,,14.785621,,0.8,1,rel-v0.5-full,2026-09-22T00:00:00Z
KOSPI,034730,KOSPI,373220,PARTNER,10Y,11.307956,,11.307956,,0.6,1,rel-v0.5-full,2026-09-22T00:00:00Z
KOSPI,034730,NASDAQ,AMZN,PARTNER,10Y,11.307956,,11.307956,,0.6,1,rel-v0.5-full,2026-09-22T00:00:00Z
KOSPI,034730,NASDAQ,INTC,PARTNER,10Y,21.337214,,21.337214,,0.6,2,rel-v0.5-full,2026-09-22T00:00:00Z
KOSPI,034730,NASDAQ,MSFT,PARTNER,10Y,35.596358,,35.596358,,0.733333,3,rel-v0.5-full,2026-09-22T00:00:00Z
KOSPI,034730,NASDAQ,NVDA,PARTNER,90D,18.126925,,18.126925,,1.0,1,rel-v0.5-full,2026-09-22T00:00:00Z
KOSPI,034730,NASDAQ,NVDA,PARTNER,1Y,18.126925,,18.126925,,1.0,1,rel-v0.5-full,2026-09-22T00:00:00Z
KOSPI,034730,NASDAQ,NVDA,PARTNER,10Y,18.126925,,18.126925,,1.0,1,rel-v0.5-full,2026-09-22T00:00:00Z
KOSPI,034730,NASDAQ,SHOP,PARTNER,10Y,14.785621,,14.785621,,0.8,1,rel-v0.5-full,2026-09-22T00:00:00Z
KOSPI,035420,KOSPI,035720,COMPETE,30D,24.421626,,25.668726,,0.7,2,rel-v0.5-full,2026-09-22T00:00:00Z
KOSPI,035420,KOSPI,035720,COMPETE,90D,24.421626,,25.668726,,0.7,2,rel-v0.5-full,2026-09-22T00:00:00Z
KOSPI,035420,KOSPI,035720,COMPETE,1Y,24.421626,,25.668726,,0.7,2,rel-v0.5-full,2026-09-22T00:00:00Z
KOSPI,035420,KOSPI,035720,COMPETE,10Y,100.0,,100.0,,0.769863,292,rel-v0.5-full,2026-09-22T00:00:00Z
KOSPI,035420,KOSPI,035720,PARTNER,30D,35.596358,,36.843458,,0.733333,3,rel-v0.5-full,2026-09-22T00:00:00Z
KOSPI,035420,KOSPI,035720,PARTNER,90D,35.596358,,36.843458,,0.733333,3,rel-v0.5-full,2026-09-22T00:00:00Z
KOSPI,035420,KOSPI,035720,PARTNER,1Y,53.233357,,54.480457,,0.76,5,rel-v0.5-full,2026-09-22T00:00:00Z
KOSPI,035420,KOSPI,035720,PARTNER,10Y,100.0,,100.0,,0.768992,258,rel-v0.5-full,2026-09-22T00:00:00Z
KOSPI,035420,KOSPI,047810,PARTNER,30D,11.307956,,11.307956,,0.6,1,rel-v0.5-full,2026-09-22T00:00:00Z
KOSPI,035420,KOSPI,047810,PARTNER,90D,11.307956,,11.307956,,0.6,1,rel-v0.5-full,2026-09-22T00:00:00Z
KOSPI,035420,KOSPI,047810,PARTNER,1Y,11.307956,,11.307956,,0.6,1,rel-v0.5-full,2026-09-22T00:00:00Z
KOSPI,035420,KOSPI,047810,PARTNER,10Y,11.307956,,11.307956,,0.6,1,rel-v0.5-full,2026-09-22T00:00:00Z
KOSPI,035420,KOSPI,051910,COMPETE,10Y,11.307956,,11.307956,,0.6,1,rel-v0.5-full,2026-09-22T00:00:00Z
KOSPI,035420,KOSPI,055550,PARTNER,10Y,27.385096,,27.385096,,0.8,2,rel-v0.5-full,2026-09-22T00:00:00Z
KOSPI,035420,KOSPI,064400,PARTNER,10Y,24.421626,,25.460226,,0.7,2,rel-v0.5-full,2026-09-22T00:00:00Z
KOSPI,035420,KOSPI,066570,PARTNER,10Y,63.212056,,63.212056,,0.714286,7,rel-v0.5-full,2026-09-22T00:00:00Z
KOSPI,035420,KOSPI,071050,PARTNER,10Y,14.785621,,14.785621,,0.8,1,rel-v0.5-full,2026-09-22T00:00:00Z
KOSPI,035420,KOSPI,078930,PARTNER,10Y,11.307956,,11.307956,,0.6,1,rel-v0.5-full,2026-09-22T00:00:00Z
KOSPI,035420,KOSPI,090430,PARTNER,10Y,35.596358,,35.596358,,0.733333,3,rel-v0.5-full,2026-09-22T00:00:00Z
KOSPI,035420,KOSPI,105560,PARTNER,10Y,11.307956,,11.307956,,0.6,1,rel-v0.5-full,2026-09-22T00:00:00Z
KOSPI,035420,KOSPI,267250,PARTNER,10Y,14.785621,,14.785621,,0.8,1,rel-v0.5-full,2026-09-22T00:00:00Z
KOSPI,035420,KOSPI,316140,PARTNER,10Y,75.340304,,75.340304,,0.636364,11,rel-v0.5-full,2026-09-22T00:00:00Z
KOSPI,035420,KOSPI,323410,COMPETE,10Y,21.337214,,21.337214,,0.6,2,rel-v0.5-full,2026-09-22T00:00:00Z
KOSPI,035420,KOSPI,352820,COMPETE,10Y,61.710711,,61.710711,,0.8,6,rel-v0.5-full,2026-09-22T00:00:00Z
KOSPI,035420,KOSPI,352820,PARTNER,10Y,96.662673,,96.662673,,0.68,25,rel-v0.5-full,2026-09-22T00:00:00Z
KOSPI,035420,KOSPI,377300,COMPETE,10Y,27.385096,,27.385096,,0.8,2,rel-v0.5-full,2026-09-22T00:00:00Z
KOSPI,035420,KOSPI,377300,PARTNER,10Y,47.270758,,47.270758,,0.8,4,rel-v0.5-full,2026-09-22T00:00:00Z
KOSPI,035420,NASDAQ,ADBE,PARTNER,10Y,11.307956,,11.307956,,0.6,1,rel-v0.5-full,2026-09-22T00:00:00Z
KOSPI,035420,NASDAQ,AMZN,COMPETE,10Y,21.337214,,21.337214,,0.6,2,rel-v0.5-full,2026-09-22T00:00:00Z
KOSPI,035420,NASDAQ,AMZN,PARTNER,10Y,24.421626,,24.421626,,0.7,2,rel-v0.5-full,2026-09-22T00:00:00Z
KOSPI,035420,NASDAQ,GOOGL,COMPETE,10Y,94.157433,,94.157433,,0.645455,22,rel-v0.5-full,2026-09-22T00:00:00Z
KOSPI,035420,NASDAQ,GOOGL,PARTNER,10Y,51.324774,,51.324774,,0.72,5,rel-v0.5-full,2026-09-22T00:00:00Z
KOSPI,035420,NASDAQ,INTC,PARTNER,10Y,97.374766,,97.374766,,0.728,25,rel-v0.5-full,2026-09-22T00:00:00Z
KOSPI,035420,NASDAQ,MAR,PARTNER,30D,11.307956,,11.307956,,0.6,1,rel-v0.5-full,2026-09-22T00:00:00Z
KOSPI,035420,NASDAQ,MAR,PARTNER,90D,11.307956,,11.307956,,0.6,1,rel-v0.5-full,2026-09-22T00:00:00Z
KOSPI,035420,NASDAQ,MAR,PARTNER,1Y,11.307956,,11.307956,,0.6,1,rel-v0.5-full,2026-09-22T00:00:00Z
KOSPI,035420,NASDAQ,MAR,PARTNER,10Y,11.307956,,11.307956,,0.6,1,rel-v0.5-full,2026-09-22T00:00:00Z
KOSPI,035420,NASDAQ,META,PARTNER,30D,11.307956,,11.307956,,0.6,1,rel-v0.5-full,2026-09-22T00:00:00Z
KOSPI,035420,NASDAQ,META,PARTNER,90D,11.307956,,11.307956,,0.6,1,rel-v0.5-full,2026-09-22T00:00:00Z
KOSPI,035420,NASDAQ,META,PARTNER,1Y,11.307956,,11.307956,,0.6,1,rel-v0.5-full,2026-09-22T00:00:00Z
KOSPI,035420,NASDAQ,META,PARTNER,10Y,11.307956,,11.307956,,0.6,1,rel-v0.5-full,2026-09-22T00:00:00Z
KOSPI,035420,NASDAQ,MSFT,PARTNER,10Y,11.307956,,11.307956,,0.6,1,rel-v0.5-full,2026-09-22T00:00:00Z
KOSPI,035420,NASDAQ,NFLX,PARTNER,30D,24.421626,,24.421626,,0.7,2,rel-v0.5-full,2026-09-22T00:00:00Z
KOSPI,035420,NASDAQ,NFLX,PARTNER,90D,24.421626,,24.421626,,0.7,2,rel-v0.5-full,2026-09-22T00:00:00Z
KOSPI,035420,NASDAQ,NFLX,PARTNER,1Y,24.421626,,24.421626,,0.7,2,rel-v0.5-full,2026-09-22T00:00:00Z
KOSPI,035420,NASDAQ,NFLX,PARTNER,10Y,32.967995,,32.967995,,0.666667,3,rel-v0.5-full,2026-09-22T00:00:00Z
KOSPI,035420,NASDAQ,NVDA,PARTNER,30D,51.324774,,51.324774,,0.72,5,rel-v0.5-full,2026-09-22T00:00:00Z
KOSPI,035420,NASDAQ,NVDA,PARTNER,90D,61.710711,,61.710711,,0.685714,7,rel-v0.5-full,2026-09-22T00:00:00Z
KOSPI,035420,NASDAQ,NVDA,PARTNER,1Y,82.795514,,82.795514,,0.676923,13,rel-v0.5-full,2026-09-22T00:00:00Z
KOSPI,035420,NASDAQ,NVDA,PARTNER,10Y,82.795514,,82.795514,,0.676923,13,rel-v0.5-full,2026-09-22T00:00:00Z
KOSPI,035420,NASDAQ,PDD,PARTNER,10Y,30.232367,,30.232367,,0.6,3,rel-v0.5-full,2026-09-22T00:00:00Z
KOSPI,035420,NASDAQ,QCOM,PARTNER,10Y,30.232367,,30.232367,,0.6,3,rel-v0.5-full,2026-09-22T00:00:00Z
KOSPI,035420,NASDAQ,SBUX,PARTNER,10Y,58.521709,,58.521709,,0.733333,6,rel-v0.5-full,2026-09-22T00:00:00Z
KOSPI,035720,KOSPI,071050,PARTNER,10Y,11.307956,,11.307956,,0.6,1,rel-v0.5-full,2026-09-22T00:00:00Z
KOSPI,035720,KOSPI,090430,PARTNER,10Y,24.421626,,24.421626,,0.7,2,rel-v0.5-full,2026-09-22T00:00:00Z
KOSPI,035720,KOSPI,180640,PARTNER,10Y,30.232367,,30.232367,,0.6,3,rel-v0.5-full,2026-09-22T00:00:00Z
KOSPI,035720,KOSPI,323410,PARTNER,10Y,55.067104,,56.143204,,0.666667,6,rel-v0.5-full,2026-09-22T00:00:00Z
KOSPI,035720,KOSPI,352820,COMPETE,1Y,11.307956,,11.307956,,0.6,1,rel-v0.5-full,2026-09-22T00:00:00Z
KOSPI,035720,KOSPI,352820,COMPETE,10Y,99.999998,,99.999998,,0.684615,130,rel-v0.5-full,2026-09-22T00:00:00Z
KOSPI,035720,KOSPI,352820,PARTNER,10Y,99.986086,,99.986086,,0.634286,70,rel-v0.5-full,2026-09-22T00:00:00Z
KOSPI,035720,KOSPI,377300,PARTNER,10Y,73.28647,,74.54677,,0.6,11,rel-v0.5-full,2026-09-22T00:00:00Z
KOSPI,035720,NASDAQ,GOOGL,COMPETE,10Y,27.385096,,27.385096,,0.8,2,rel-v0.5-full,2026-09-22T00:00:00Z
KOSPI,035720,NASDAQ,GOOGL,PARTNER,1Y,18.126925,,18.126925,,1.0,1,rel-v0.5-full,2026-09-22T00:00:00Z
KOSPI,035720,NASDAQ,GOOGL,PARTNER,10Y,38.121661,,38.121661,,0.8,3,rel-v0.5-full,2026-09-22T00:00:00Z
KOSPI,039490,KOSPI,051910,COMPETE,10Y,21.337214,,21.337214,,0.6,2,rel-v0.5-full,2026-09-22T00:00:00Z
KOSPI,039490,KOSPI,055550,PARTNER,10Y,11.307956,,11.307956,,0.6,1,rel-v0.5-full,2026-09-22T00:00:00Z
KOSPI,039490,KOSPI,066570,PARTNER,10Y,11.307956,,11.307956,,0.6,1,rel-v0.5-full,2026-09-22T00:00:00Z
KOSPI,039490,KOSPI,086790,COMPETE,10Y,11.307956,,11.307956,,0.6,1,rel-v0.5-full,2026-09-22T00:00:00Z
KOSPI,039490,KOSPI,086790,PARTNER,10Y,42.879094,,42.879094,,0.7,4,rel-v0.5-full,2026-09-22T00:00:00Z
KOSPI,039490,KOSPI,207940,COMPETE,10Y,11.307956,,11.307956,,0.6,1,rel-v0.5-full,2026-09-22T00:00:00Z
KOSPI,039490,KOSPI,207940,SUPPLY,10Y,13.064176,,13.064176,,0.7,1,rel-v0.5-full,2026-09-22T00:00:00Z
KOSPI,039490,KOSPI,323410,PARTNER,1Y,11.307956,,11.307956,,0.6,1,rel-v0.5-full,2026-09-22T00:00:00Z
KOSPI,039490,KOSPI,323410,PARTNER,10Y,11.307956,,11.307956,,0.6,1,rel-v0.5-full,2026-09-22T00:00:00Z
KOSPI,039490,KOSPI,373220,COMPETE,10Y,11.307956,,11.307956,,0.6,1,rel-v0.5-full,2026-09-22T00:00:00Z
KOSPI,039490,NASDAQ,GOOGL,COMPETE,10Y,11.307956,,11.307956,,0.6,1,rel-v0.5-full,2026-09-22T00:00:00Z
KOSPI,039490,NASDAQ,MSFT,PARTNER,10Y,14.785621,,14.785621,,0.8,1,rel-v0.5-full,2026-09-22T00:00:00Z
KOSPI,042660,KOSPI,079550,PARTNER,10Y,47.270758,,47.270758,,0.64,5,rel-v0.5-full,2026-09-22T00:00:00Z
KOSPI,042660,KOSPI,267250,COMPETE,10Y,63.212056,,63.212056,,0.714286,7,rel-v0.5-full,2026-09-22T00:00:00Z
KOSPI,042660,KOSPI,272210,PARTNER,1Y,14.785621,,14.785621,,0.8,1,rel-v0.5-full,2026-09-22T00:00:00Z
KOSPI,042660,KOSPI,272210,PARTNER,10Y,45.118836,,45.118836,,0.75,4,rel-v0.5-full,2026-09-22T00:00:00Z
KOSPI,042660,KOSPI,298040,PARTNER,10Y,47.270758,,47.270758,,0.64,5,rel-v0.5-full,2026-09-22T00:00:00Z
KOSPI,042660,KOSPI,329180,COMPETE,1Y,47.270758,,47.270758,,0.8,4,rel-v0.5-full,2026-09-22T00:00:00Z
KOSPI,042660,KOSPI,329180,COMPETE,10Y,99.938875,,99.938875,,0.698113,53,rel-v0.5-full,2026-09-22T00:00:00Z
KOSPI,042660,KOSPI,329180,PARTNER,30D,27.385096,,27.385096,,0.8,2,rel-v0.5-full,2026-09-22T00:00:00Z
KOSPI,042660,KOSPI,329180,PARTNER,90D,27.385096,,27.385096,,0.8,2,rel-v0.5-full,2026-09-22T00:00:00Z
KOSPI,042660,KOSPI,329180,PARTNER,1Y,35.596358,,35.596358,,0.733333,3,rel-v0.5-full,2026-09-22T00:00:00Z
KOSPI,042660,KOSPI,329180,PARTNER,10Y,68.651382,,68.651382,,0.725,8,rel-v0.5-full,2026-09-22T00:00:00Z
KOSPI,042660,KOSPI,329180,SUPPLY,10Y,13.064176,,13.064176,,0.7,1,rel-v0.5-full,2026-09-22T00:00:00Z
KOSPI,042700,KOSPI,000660,SUPPLY,10Y,74.075974,,75.198874,,0.75,9,rel-v0.5-full,2026-09-22T00:00:00Z
KOSPI,042700,NASDAQ,MU,SUPPLY,10Y,56.828948,,56.828948,,0.7,6,rel-v0.5-full,2026-09-22T00:00:00Z
KOSPI,047040,KOSPI,066570,PARTNER,10Y,55.067104,,55.067104,,0.8,5,rel-v0.5-full,2026-09-22T00:00:00Z
KOSPI,047040,KOSPI,298040,PARTNER,10Y,14.785621,,14.785621,,0.8,1,rel-v0.5-full,2026-09-22T00:00:00Z
KOSPI,047050,KOSPI,086790,PARTNER,30D,11.307956,,11.307956,,0.6,1,rel-v0.5-full,2026-09-22T00:00:00Z
KOSPI,047050,KOSPI,086790,PARTNER,90D,11.307956,,11.307956,,0.6,1,rel-v0.5-full,2026-09-22T00:00:00Z
KOSPI,047050,KOSPI,086790,PARTNER,1Y,11.307956,,11.307956,,0.6,1,rel-v0.5-full,2026-09-22T00:00:00Z
KOSPI,047050,KOSPI,086790,PARTNER,10Y,11.307956,,11.307956,,0.6,1,rel-v0.5-full,2026-09-22T00:00:00Z
KOSPI,047810,KOSPI,064350,PARTNER,10Y,72.19627,,72.19627,,0.8,8,rel-v0.5-full,2026-09-22T00:00:00Z
KOSPI,047810,KOSPI,079550,COMPETE,1Y,14.785621,,14.785621,,0.8,1,rel-v0.5-full,2026-09-22T00:00:00Z
KOSPI,047810,KOSPI,079550,COMPETE,10Y,14.785621,,14.785621,,0.8,1,rel-v0.5-full,2026-09-22T00:00:00Z
KOSPI,047810,KOSPI,267250,PARTNER,10Y,47.270758,,47.270758,,0.8,4,rel-v0.5-full,2026-09-22T00:00:00Z
KOSPI,047810,KOSPI,272210,COMPETE,30D,47.270758,,47.270758,,0.8,4,rel-v0.5-full,2026-09-22T00:00:00Z
KOSPI,047810,KOSPI,272210,COMPETE,90D,47.270758,,47.270758,,0.8,4,rel-v0.5-full,2026-09-22T00:00:00Z
KOSPI,047810,KOSPI,272210,COMPETE,1Y,47.270758,,47.270758,,0.8,4,rel-v0.5-full,2026-09-22T00:00:00Z
KOSPI,047810,KOSPI,272210,COMPETE,10Y,47.270758,,47.270758,,0.8,4,rel-v0.5-full,2026-09-22T00:00:00Z
KOSPI,047810,KOSPI,272210,PARTNER,1Y,11.307956,,11.307956,,0.6,1,rel-v0.5-full,2026-09-22T00:00:00Z
KOSPI,047810,KOSPI,272210,PARTNER,10Y,11.307956,,11.307956,,0.6,1,rel-v0.5-full,2026-09-22T00:00:00Z
KOSPI,047810,KOSPI,307950,PARTNER,10Y,27.385096,,27.385096,,0.8,2,rel-v0.5-full,2026-09-22T00:00:00Z
KOSPI,047810,KOSPI,329180,PARTNER,10Y,55.067104,,55.067104,,0.8,5,rel-v0.5-full,2026-09-22T00:00:00Z
KOSPI,047810,NASDAQ,SPCX,PARTNER,10Y,45.118836,,45.118836,,0.6,5,rel-v0.5-full,2026-09-22T00:00:00Z
KOSPI,051910,KOSPI,003670,SUPPLY,10Y,13.064176,,14.677876,,0.7,1,rel-v0.5-full,2026-09-22T00:00:00Z
KOSPI,051910,KOSPI,055550,PARTNER,10Y,40.547945,,40.547945,,0.65,4,rel-v0.5-full,2026-09-22T00:00:00Z
KOSPI,051910,KOSPI,064350,PARTNER,10Y,14.785621,,14.785621,,0.8,1,rel-v0.5-full,2026-09-22T00:00:00Z
KOSPI,051910,KOSPI,066570,COMPETE,10Y,21.337214,,21.337214,,0.6,2,rel-v0.5-full,2026-09-22T00:00:00Z
KOSPI,051910,KOSPI,066570,PARTNER,10Y,56.828948,,56.828948,,0.6,7,rel-v0.5-full,2026-09-22T00:00:00Z
KOSPI,051910,KOSPI,066570,SUPPLY,10Y,13.064176,,13.064176,,0.7,1,rel-v0.5-full,2026-09-22T00:00:00Z
KOSPI,051910,KOSPI,078930,PARTNER,10Y,11.307956,,11.307956,,0.6,1,rel-v0.5-full,2026-09-22T00:00:00Z
KOSPI,051910,KOSPI,090430,PARTNER,10Y,72.19627,,72.19627,,0.64,10,rel-v0.5-full,2026-09-22T00:00:00Z
KOSPI,051910,KOSPI,096770,COMPETE,10Y,98.559241,,99.595741,,0.731034,29,rel-v0.5-full,2026-09-22T00:00:00Z
KOSPI,051910,KOSPI,096770,PARTNER,1Y,14.785621,,15.822121,,0.8,1,rel-v0.5-full,2026-09-22T00:00:00Z
KOSPI,051910,KOSPI,096770,PARTNER,10Y,85.339304,,86.375804,,0.738462,13,rel-v0.5-full,2026-09-22T00:00:00Z
KOSPI,051910,KOSPI,096770,SUPPLY,10Y,24.421626,,25.458126,,0.7,2,rel-v0.5-full,2026-09-22T00:00:00Z
KOSPI,051910,KOSPI,128940,PARTNER,10Y,14.785621,,14.785621,,0.8,1,rel-v0.5-full,2026-09-22T00:00:00Z
KOSPI,051910,KOSPI,373220,PARTNER,10Y,87.506979,,89.551179,,0.693333,15,rel-v0.5-full,2026-09-22T00:00:00Z
KOSPI,051910,KOSPI,373220,SUPPLY,10Y,42.879094,,44.923294,,0.7,4,rel-v0.5-full,2026-09-22T00:00:00Z
KOSPI,051910,NASDAQ,AMD,PARTNER,10Y,21.337214,,21.337214,,0.6,2,rel-v0.5-full,2026-09-22T00:00:00Z
KOSPI,051910,NASDAQ,AMZN,SUPPLY,10Y,13.064176,,13.064176,,0.7,1,rel-v0.5-full,2026-09-22T00:00:00Z
KOSPI,051910,NASDAQ,TSLA,COMPETE,10Y,21.337214,,21.337214,,0.6,2,rel-v0.5-full,2026-09-22T00:00:00Z
KOSPI,051910,NASDAQ,TSLA,PARTNER,10Y,58.521709,,58.521709,,0.733333,6,rel-v0.5-full,2026-09-22T00:00:00Z
KOSPI,051910,NASDAQ,TSLA,SUPPLY,10Y,85.914158,,85.914158,,0.7,14,rel-v0.5-full,2026-09-22T00:00:00Z
KOSPI,055550,KOSPI,064400,PARTNER,10Y,75.340304,,75.340304,,0.7,10,rel-v0.5-full,2026-09-22T00:00:00Z
KOSPI,055550,KOSPI,066570,PARTNER,10Y,21.337214,,21.337214,,0.6,2,rel-v0.5-full,2026-09-22T00:00:00Z
KOSPI,055550,KOSPI,068270,PARTNER,10Y,60.148096,,60.148096,,0.766667,6,rel-v0.5-full,2026-09-22T00:00:00Z
KOSPI,055550,KOSPI,078930,PARTNER,10Y,11.307956,,11.307956,,0.6,1,rel-v0.5-full,2026-09-22T00:00:00Z
KOSPI,055550,KOSPI,079550,PARTNER,10Y,78.128811,,78.128811,,0.76,10,rel-v0.5-full,2026-09-22T00:00:00Z
KOSPI,055550,KOSPI,086790,COMPETE,30D,35.596358,,37.346258,,0.733333,3,rel-v0.5-full,2026-09-22T00:00:00Z
KOSPI,055550,KOSPI,086790,COMPETE,90D,35.596358,,37.346258,,0.733333,3,rel-v0.5-full,2026-09-22T00:00:00Z
KOSPI,055550,KOSPI,086790,COMPETE,1Y,35.596358,,37.346258,,0.733333,3,rel-v0.5-full,2026-09-22T00:00:00Z
KOSPI,055550,KOSPI,086790,COMPETE,10Y,69.880579,,71.630479,,0.75,8,rel-v0.5-full,2026-09-22T00:00:00Z
KOSPI,055550,KOSPI,086790,PARTNER,30D,27.385096,,29.134996,,0.8,2,rel-v0.5-full,2026-09-22T00:00:00Z
KOSPI,055550,KOSPI,086790,PARTNER,90D,27.385096,,29.134996,,0.8,2,rel-v0.5-full,2026-09-22T00:00:00Z
KOSPI,055550,KOSPI,086790,PARTNER,1Y,27.385096,,29.134996,,0.8,2,rel-v0.5-full,2026-09-22T00:00:00Z
KOSPI,055550,KOSPI,086790,PARTNER,10Y,99.529909,,100.0,,0.788235,34,rel-v0.5-full,2026-09-22T00:00:00Z
KOSPI,055550,KOSPI,088350,PARTNER,10Y,14.785621,,14.785621,,0.8,1,rel-v0.5-full,2026-09-22T00:00:00Z
KOSPI,055550,KOSPI,105560,COMPETE,10Y,99.761844,,100.0,,0.719048,42,rel-v0.5-full,2026-09-22T00:00:00Z
KOSPI,055550,KOSPI,105560,PARTNER,30D,14.785621,,16.509421,,0.8,1,rel-v0.5-full,2026-09-22T00:00:00Z
KOSPI,055550,KOSPI,105560,PARTNER,90D,14.785621,,16.509421,,0.8,1,rel-v0.5-full,2026-09-22T00:00:00Z
KOSPI,055550,KOSPI,105560,PARTNER,1Y,14.785621,,16.509421,,0.8,1,rel-v0.5-full,2026-09-22T00:00:00Z
KOSPI,055550,KOSPI,105560,PARTNER,10Y,72.19627,,73.92007,,0.8,8,rel-v0.5-full,2026-09-22T00:00:00Z
KOSPI,055550,KOSPI,316140,COMPETE,30D,14.785621,,16.145821,,0.8,1,rel-v0.5-full,2026-09-22T00:00:00Z
KOSPI,055550,KOSPI,316140,COMPETE,90D,14.785621,,16.145821,,0.8,1,rel-v0.5-full,2026-09-22T00:00:00Z
KOSPI,055550,KOSPI,316140,COMPETE,1Y,14.785621,,16.145821,,0.8,1,rel-v0.5-full,2026-09-22T00:00:00Z
KOSPI,055550,KOSPI,316140,COMPETE,10Y,69.880579,,71.240779,,0.666667,9,rel-v0.5-full,2026-09-22T00:00:00Z
KOSPI,055550,KOSPI,316140,PARTNER,30D,14.785621,,16.145821,,0.8,1,rel-v0.5-full,2026-09-22T00:00:00Z
KOSPI,055550,KOSPI,316140,PARTNER,90D,14.785621,,16.145821,,0.8,1,rel-v0.5-full,2026-09-22T00:00:00Z
KOSPI,055550,KOSPI,316140,PARTNER,1Y,14.785621,,16.145821,,0.8,1,rel-v0.5-full,2026-09-22T00:00:00Z
KOSPI,055550,KOSPI,316140,PARTNER,10Y,98.500442,,99.860642,,0.777778,27,rel-v0.5-full,2026-09-22T00:00:00Z
KOSPI,055550,KOSPI,323410,PARTNER,10Y,11.307956,,11.307956,,0.6,1,rel-v0.5-full,2026-09-22T00:00:00Z
KOSPI,055550,KOSPI,377300,COMPETE,10Y,27.385096,,27.385096,,0.8,2,rel-v0.5-full,2026-09-22T00:00:00Z
KOSPI,055550,KOSPI,377300,PARTNER,10Y,11.307956,,11.307956,,0.6,1,rel-v0.5-full,2026-09-22T00:00:00Z
KOSPI,055550,NASDAQ,AMZN,PARTNER,10Y,32.967995,,32.967995,,0.666667,3,rel-v0.5-full,2026-09-22T00:00:00Z
KOSPI,055550,NASDAQ,GOOGL,PARTNER,10Y,27.385096,,27.385096,,0.8,2,rel-v0.5-full,2026-09-22T00:00:00Z
KOSPI,064350,KOSPI,079550,PARTNER,10Y,21.337214,,21.337214,,0.6,2,rel-v0.5-full,2026-09-22T00:00:00Z
KOSPI,064350,KOSPI,086790,PARTNER,10Y,55.067104,,55.067104,,0.666667,6,rel-v0.5-full,2026-09-22T00:00:00Z
KOSPI,064400,KOSPI,066570,PARTNER,10Y,51.324774,,52.930074,,0.72,5,rel-v0.5-full,2026-09-22T00:00:00Z
KOSPI,064400,KOSPI,088350,PARTNER,10Y,11.307956,,11.307956,,0.6,1,rel-v0.5-full,2026-09-22T00:00:00Z
KOSPI,064400,KOSPI,105560,PARTNER,10Y,21.337214,,21.337214,,0.6,2,rel-v0.5-full,2026-09-22T00:00:00Z
KOSPI,064400,KOSPI,316140,PARTNER,10Y,21.337214,,21.337214,,0.6,2,rel-v0.5-full,2026-09-22T00:00:00Z
KOSPI,064400,KOSPI,316140,SUPPLY,10Y,13.064176,,13.064176,,0.7,1,rel-v0.5-full,2026-09-22T00:00:00Z
KOSPI,064400,NASDAQ,AMZN,PARTNER,10Y,77.236231,,77.236231,,0.672727,11,rel-v0.5-full,2026-09-22T00:00:00Z
KOSPI,064400,NASDAQ,GOOGL,PARTNER,10Y,98.772266,,98.772266,,0.666667,33,rel-v0.5-full,2026-09-22T00:00:00Z
KOSPI,064400,NASDAQ,HON,PARTNER,10Y,49.338301,,49.338301,,0.68,5,rel-v0.5-full,2026-09-22T00:00:00Z
KOSPI,064400,NASDAQ,MSFT,PARTNER,10Y,92.863873,,92.863873,,0.628571,21,rel-v0.5-full,2026-09-22T00:00:00Z
KOSPI,064400,NASDAQ,PANW,PARTNER,10Y,21.337214,,21.337214,,0.6,2,rel-v0.5-full,2026-09-22T00:00:00Z
KOSPI,066570,KOSPI,005930,SUPPLY,10Y,18.126925,,18.126925,,1.0,1,rel-v0.5-full,2026-09-22T00:00:00Z
KOSPI,066570,KOSPI,078930,PARTNER,10Y,84.740989,,84.740989,,0.671429,14,rel-v0.5-full,2026-09-22T00:00:00Z
KOSPI,066570,KOSPI,079550,PARTNER,10Y,63.212056,,63.212056,,0.714286,7,rel-v0.5-full,2026-09-22T00:00:00Z
KOSPI,066570,KOSPI,298040,PARTNER,30D,27.385096,,27.385096,,0.8,2,rel-v0.5-full,2026-09-22T00:00:00Z
KOSPI,066570,KOSPI,298040,PARTNER,90D,27.385096,,27.385096,,0.8,2,rel-v0.5-full,2026-09-22T00:00:00Z
KOSPI,066570,KOSPI,298040,PARTNER,1Y,27.385096,,27.385096,,0.8,2,rel-v0.5-full,2026-09-22T00:00:00Z
KOSPI,066570,KOSPI,298040,PARTNER,10Y,27.385096,,27.385096,,0.8,2,rel-v0.5-full,2026-09-22T00:00:00Z
KOSPI,066570,KOSPI,373220,PARTNER,10Y,69.880579,,69.880579,,0.666667,9,rel-v0.5-full,2026-09-22T00:00:00Z
KOSPI,066570,NASDAQ,AAPL,COMPETE,10Y,63.212056,,63.212056,,0.625,8,rel-v0.5-full,2026-09-22T00:00:00Z
KOSPI,066570,NASDAQ,AAPL,PARTNER,1Y,14.785621,,14.785621,,0.8,1,rel-v0.5-full,2026-09-22T00:00:00Z
KOSPI,066570,NASDAQ,AAPL,PARTNER,10Y,82.093385,,82.093385,,0.614286,14,rel-v0.5-full,2026-09-22T00:00:00Z
KOSPI,066570,NASDAQ,AMZN,COMPETE,10Y,11.307956,,11.307956,,0.6,1,rel-v0.5-full,2026-09-22T00:00:00Z
KOSPI,066570,NASDAQ,AMZN,PARTNER,10Y,40.547945,,40.547945,,0.65,4,rel-v0.5-full,2026-09-22T00:00:00Z
KOSPI,066570,NASDAQ,GOOGL,PARTNER,10Y,93.412525,,93.412525,,0.715789,19,rel-v0.5-full,2026-09-22T00:00:00Z
KOSPI,066570,NASDAQ,HON,PARTNER,10Y,32.967995,,32.967995,,0.666667,3,rel-v0.5-full,2026-09-22T00:00:00Z
KOSPI,066570,NASDAQ,INTC,PARTNER,10Y,30.232367,,30.232367,,0.6,3,rel-v0.5-full,2026-09-22T00:00:00Z
KOSPI,066570,NASDAQ,KHC,PARTNER,10Y,30.232367,,30.232367,,0.6,3,rel-v0.5-full,2026-09-22T00:00:00Z
KOSPI,066570,NASDAQ,MAR,PARTNER,30D,98.500442,,98.500442,,0.724138,29,rel-v0.5-full,2026-09-22T00:00:00Z
KOSPI,066570,NASDAQ,MAR,PARTNER,90D,98.500442,,98.500442,,0.724138,29,rel-v0.5-full,2026-09-22T00:00:00Z
KOSPI,066570,NASDAQ,MAR,PARTNER,1Y,98.500442,,98.500442,,0.724138,29,rel-v0.5-full,2026-09-22T00:00:00Z
KOSPI,066570,NASDAQ,MAR,PARTNER,10Y,98.500442,,98.500442,,0.724138,29,rel-v0.5-full,2026-09-22T00:00:00Z
KOSPI,066570,NASDAQ,META,PARTNER,10Y,89.771579,,89.771579,,0.670588,17,rel-v0.5-full,2026-09-22T00:00:00Z
KOSPI,066570,NASDAQ,MSFT,PARTNER,10Y,90.928205,,90.928205,,0.705882,17,rel-v0.5-full,2026-09-22T00:00:00Z
KOSPI,066570,NASDAQ,NVDA,PARTNER,30D,21.337214,,21.337214,,0.6,2,rel-v0.5-full,2026-09-22T00:00:00Z
KOSPI,066570,NASDAQ,NVDA,PARTNER,90D,32.967995,,32.967995,,0.666667,3,rel-v0.5-full,2026-09-22T00:00:00Z
KOSPI,066570,NASDAQ,NVDA,PARTNER,1Y,49.338301,,49.338301,,0.68,5,rel-v0.5-full,2026-09-22T00:00:00Z
KOSPI,066570,NASDAQ,NVDA,PARTNER,10Y,76.307224,,76.307224,,0.654545,11,rel-v0.5-full,2026-09-22T00:00:00Z
KOSPI,066570,NASDAQ,NXPI,PARTNER,10Y,24.421626,,24.421626,,0.7,2,rel-v0.5-full,2026-09-22T00:00:00Z
KOSPI,066570,NASDAQ,QCOM,COMPETE,10Y,11.307956,,11.307956,,0.6,1,rel-v0.5-full,2026-09-22T00:00:00Z
KOSPI,066570,NASDAQ,QCOM,PARTNER,1Y,27.385096,,27.385096,,0.8,2,rel-v0.5-full,2026-09-22T00:00:00Z
KOSPI,066570,NASDAQ,QCOM,PARTNER,10Y,84.118257,,84.118257,,0.657143,14,rel-v0.5-full,2026-09-22T00:00:00Z
KOSPI,066570,NASDAQ,SBUX,PARTNER,10Y,21.337214,,21.337214,,0.6,2,rel-v0.5-full,2026-09-22T00:00:00Z
KOSPI,066570,NASDAQ,WMT,SUPPLY,10Y,13.064176,,13.064176,,0.7,1,rel-v0.5-full,2026-09-22T00:00:00Z
KOSPI,066970,KOSPI,373220,PARTNER,10Y,47.270758,,49.097758,,0.64,5,rel-v0.5-full,2026-09-22T00:00:00Z
KOSPI,066970,KOSPI,373220,SUPPLY,10Y,34.295318,,36.122318,,0.7,3,rel-v0.5-full,2026-09-22T00:00:00Z
KOSPI,066970,NASDAQ,TSLA,COMPETE,10Y,11.307956,,11.307956,,0.6,1,rel-v0.5-full,2026-09-22T00:00:00Z
KOSPI,066970,NASDAQ,TSLA,PARTNER,10Y,11.307956,,11.307956,,0.6,1,rel-v0.5-full,2026-09-22T00:00:00Z
KOSPI,066970,NASDAQ,TSLA,SUPPLY,1Y,18.126925,,18.126925,,1.0,1,rel-v0.5-full,2026-09-22T00:00:00Z
KOSPI,066970,NASDAQ,TSLA,SUPPLY,10Y,76.776373,,76.776373,,0.73,10,rel-v0.5-full,2026-09-22T00:00:00Z
KOSPI,068270,KOSPI,207940,COMPETE,10Y,27.385096,,27.385096,,0.8,2,rel-v0.5-full,2026-09-22T00:00:00Z
KOSPI,068270,KOSPI,207940,PARTNER,10Y,67.372021,,67.372021,,0.8,7,rel-v0.5-full,2026-09-22T00:00:00Z
KOSPI,068270,NASDAQ,GOOGL,PARTNER,10Y,14.785621,,14.785621,,0.8,1,rel-v0.5-full,2026-09-22T00:00:00Z
KOSPI,068270,NASDAQ,REGN,PARTNER,10Y,27.385096,,27.385096,,0.8,2,rel-v0.5-full,2026-09-22T00:00:00Z
KOSPI,071050,KOSPI,105560,COMPETE,1Y,14.785621,,14.785621,,0.8,1,rel-v0.5-full,2026-09-22T00:00:00Z
KOSPI,071050,KOSPI,105560,COMPETE,10Y,14.785621,,14.785621,,0.8,1,rel-v0.5-full,2026-09-22T00:00:00Z
KOSPI,071050,KOSPI,316140,PARTNER,10Y,24.421626,,24.421626,,0.7,2,rel-v0.5-full,2026-09-22T00:00:00Z
KOSPI,071050,KOSPI,323410,COMPETE,10Y,11.307956,,11.307956,,0.6,1,rel-v0.5-full,2026-09-22T00:00:00Z
KOSPI,071050,KOSPI,323410,PARTNER,30D,74.333922,,74.333922,,0.755556,9,rel-v0.5-full,2026-09-22T00:00:00Z
KOSPI,071050,KOSPI,323410,PARTNER,90D,77.236231,,77.236231,,0.74,10,rel-v0.5-full,2026-09-22T00:00:00Z
KOSPI,071050,KOSPI,323410,PARTNER,1Y,77.236231,,77.236231,,0.74,10,rel-v0.5-full,2026-09-22T00:00:00Z
KOSPI,071050,KOSPI,323410,PARTNER,10Y,97.156118,,97.156118,,0.659259,27,rel-v0.5-full,2026-09-22T00:00:00Z
KOSPI,071050,KOSPI,377300,PARTNER,10Y,32.967995,,32.967995,,0.666667,3,rel-v0.5-full,2026-09-22T00:00:00Z
KOSPI,078930,KOSPI,180640,PARTNER,10Y,14.785621,,14.785621,,0.8,1,rel-v0.5-full,2026-09-22T00:00:00Z
KOSPI,078930,KOSPI,329180,COMPETE,10Y,14.785621,,14.785621,,0.8,1,rel-v0.5-full,2026-09-22T00:00:00Z
KOSPI,079550,KOSPI,272210,COMPETE,10Y,14.785621,,14.785621,,0.8,1,rel-v0.5-full,2026-09-22T00:00:00Z
KOSPI,079550,KOSPI,272210,PARTNER,10Y,79.810348,,79.810348,,0.8,10,rel-v0.5-full,2026-09-22T00:00:00Z
KOSPI,079550,KOSPI,329180,PARTNER,10Y,51.324774,,51.324774,,0.6,6,rel-v0.5-full,2026-09-22T00:00:00Z
KOSPI,086280,KOSPI,373220,PARTNER,10Y,14.785621,,14.785621,,0.8,1,rel-v0.5-full,2026-09-22T00:00:00Z
KOSPI,086790,KOSPI,105560,PARTNER,10Y,21.337214,,22.750514,,0.6,2,rel-v0.5-full,2026-09-22T00:00:00Z
KOSPI,086790,KOSPI,316140,COMPETE,10Y,79.810348,,81.025648,,0.727273,11,rel-v0.5-full,2026-09-22T00:00:00Z
KOSPI,086790,KOSPI,316140,PARTNER,10Y,82.795514,,84.010814,,0.733333,12,rel-v0.5-full,2026-09-22T00:00:00Z
KOSPI,088350,KOSPI,316140,PARTNER,10Y,60.148096,,60.148096,,0.766667,6,rel-v0.5-full,2026-09-22T00:00:00Z
KOSPI,088350,KOSPI,377300,PARTNER,10Y,35.596358,,35.596358,,0.733333,3,rel-v0.5-full,2026-09-22T00:00:00Z
KOSPI,096770,KOSPI,373220,COMPETE,10Y,56.828948,,57.997448,,0.7,6,rel-v0.5-full,2026-09-22T00:00:00Z
KOSPI,096770,KOSPI,373220,PARTNER,10Y,51.324774,,52.493274,,0.72,5,rel-v0.5-full,2026-09-22T00:00:00Z
KOSPI,096770,KOSPI,373220,SUPPLY,10Y,13.064176,,14.232676,,0.7,1,rel-v0.5-full,2026-09-22T00:00:00Z
KOSPI,096770,NASDAQ,TSLA,SUPPLY,10Y,13.064176,,13.064176,,0.7,1,rel-v0.5-full,2026-09-22T00:00:00Z
KOSPI,105560,KOSPI,316140,COMPETE,10Y,85.914158,,87.301658,,0.753846,13,rel-v0.5-full,2026-09-22T00:00:00Z
KOSPI,105560,KOSPI,316140,PARTNER,10Y,66.040447,,67.427947,,0.771429,7,rel-v0.5-full,2026-09-22T00:00:00Z
KOSPI,105560,KOSPI,323410,COMPETE,10Y,11.307956,,11.307956,,0.6,1,rel-v0.5-full,2026-09-22T00:00:00Z
KOSPI,105560,KOSPI,323410,PARTNER,10Y,32.967995,,32.967995,,0.666667,3,rel-v0.5-full,2026-09-22T00:00:00Z
KOSPI,105560,NASDAQ,AMZN,PARTNER,10Y,14.785621,,14.785621,,0.8,1,rel-v0.5-full,2026-09-22T00:00:00Z
KOSPI,105560,NASDAQ,GOOGL,PARTNER,90D,14.785621,,14.785621,,0.8,1,rel-v0.5-full,2026-09-22T00:00:00Z
KOSPI,105560,NASDAQ,GOOGL,PARTNER,1Y,14.785621,,14.785621,,0.8,1,rel-v0.5-full,2026-09-22T00:00:00Z
KOSPI,105560,NASDAQ,GOOGL,PARTNER,10Y,40.547945,,40.547945,,0.65,4,rel-v0.5-full,2026-09-22T00:00:00Z
KOSPI,105560,NASDAQ,SBUX,PARTNER,30D,14.785621,,14.785621,,0.8,1,rel-v0.5-full,2026-09-22T00:00:00Z
KOSPI,105560,NASDAQ,SBUX,PARTNER,90D,14.785621,,14.785621,,0.8,1,rel-v0.5-full,2026-09-22T00:00:00Z
KOSPI,105560,NASDAQ,SBUX,PARTNER,1Y,14.785621,,14.785621,,0.8,1,rel-v0.5-full,2026-09-22T00:00:00Z
KOSPI,105560,NASDAQ,SBUX,PARTNER,10Y,14.785621,,14.785621,,0.8,1,rel-v0.5-full,2026-09-22T00:00:00Z
KOSPI,128940,NASDAQ,GILD,PARTNER,1Y,11.307956,,11.307956,,0.6,1,rel-v0.5-full,2026-09-22T00:00:00Z
KOSPI,128940,NASDAQ,GILD,PARTNER,10Y,11.307956,,11.307956,,0.6,1,rel-v0.5-full,2026-09-22T00:00:00Z
KOSPI,128940,NASDAQ,GILD,SUPPLY,1Y,13.064176,,13.064176,,0.7,1,rel-v0.5-full,2026-09-22T00:00:00Z
KOSPI,128940,NASDAQ,GILD,SUPPLY,10Y,13.064176,,13.064176,,0.7,1,rel-v0.5-full,2026-09-22T00:00:00Z
KOSPI,161390,NASDAQ,AMZN,PARTNER,10Y,14.785621,,14.785621,,0.8,1,rel-v0.5-full,2026-09-22T00:00:00Z
KOSPI,161390,NASDAQ,TSLA,PARTNER,10Y,11.307956,,11.307956,,0.6,1,rel-v0.5-full,2026-09-22T00:00:00Z
KOSPI,175330,KOSPI,377300,PARTNER,10Y,53.233357,,53.233357,,0.76,5,rel-v0.5-full,2026-09-22T00:00:00Z
KOSPI,180640,NASDAQ,PDD,COMPETE,10Y,11.307956,,11.307956,,0.6,1,rel-v0.5-full,2026-09-22T00:00:00Z
KOSPI,207940,KOSPI,241560,COMPETE,10Y,14.785621,,14.785621,,0.8,1,rel-v0.5-full,2026-09-22T00:00:00Z
KOSPI,207940,KOSPI,271560,PARTNER,10Y,14.785621,,14.785621,,0.8,1,rel-v0.5-full,2026-09-22T00:00:00Z
KOSPI,241560,KOSPI,267270,PARTNER,10Y,47.270758,,48.291358,,0.64,5,rel-v0.5-full,2026-09-22T00:00:00Z
KOSPI,259960,KOSPI,323410,COMPETE,10Y,42.879094,,42.879094,,0.7,4,rel-v0.5-full,2026-09-22T00:00:00Z
KOSPI,259960,NASDAQ,INTC,PARTNER,10Y,27.385096,,27.385096,,0.8,2,rel-v0.5-full,2026-09-22T00:00:00Z
KOSPI,259960,NASDAQ,NVDA,PARTNER,1Y,24.421626,,24.421626,,0.7,2,rel-v0.5-full,2026-09-22T00:00:00Z
KOSPI,259960,NASDAQ,NVDA,PARTNER,10Y,32.967995,,32.967995,,0.666667,3,rel-v0.5-full,2026-09-22T00:00:00Z
KOSPI,267250,KOSPI,267270,PARTNER,10Y,45.118836,,45.118836,,0.6,5,rel-v0.5-full,2026-09-22T00:00:00Z
KOSPI,267250,NASDAQ,AMZN,PARTNER,10Y,11.307956,,11.307956,,0.6,1,rel-v0.5-full,2026-09-22T00:00:00Z
KOSPI,267250,NASDAQ,GOOGL,PARTNER,10Y,45.118836,,45.118836,,0.75,4,rel-v0.5-full,2026-09-22T00:00:00Z
KOSPI,267250,NASDAQ,PLTR,PARTNER,10Y,76.307224,,76.307224,,0.6,12,rel-v0.5-full,2026-09-22T00:00:00Z
KOSPI,267260,KOSPI,267270,PARTNER,10Y,27.385096,,27.385096,,0.8,2,rel-v0.5-full,2026-09-22T00:00:00Z
KOSPI,267270,NASDAQ,AMZN,PARTNER,10Y,14.785621,,14.785621,,0.8,1,rel-v0.5-full,2026-09-22T00:00:00Z
KOSPI,272210,KOSPI,005380,SUPPLY,10Y,13.064176,,13.064176,,0.7,1,rel-v0.5-full,2026-09-22T00:00:00Z
KOSPI,272210,NASDAQ,HON,PARTNER,10Y,51.324774,,51.324774,,0.6,6,rel-v0.5-full,2026-09-22T00:00:00Z
KOSPI,298040,NASDAQ,LIN,PARTNER,10Y,53.233357,,53.233357,,0.633333,6,rel-v0.5-full,2026-09-22T00:00:00Z
KOSPI,307950,NASDAQ,MSFT,PARTNER,10Y,30.232367,,30.232367,,0.6,3,rel-v0.5-full,2026-09-22T00:00:00Z
KOSPI,316140,KOSPI,323410,COMPETE,10Y,11.307956,,11.307956,,0.6,1,rel-v0.5-full,2026-09-22T00:00:00Z
KOSPI,316140,KOSPI,377300,PARTNER,10Y,77.236231,,77.236231,,0.672727,11,rel-v0.5-full,2026-09-22T00:00:00Z
KOSPI,316140,NASDAQ,SBUX,COMPETE,10Y,11.307956,,11.307956,,0.6,1,rel-v0.5-full,2026-09-22T00:00:00Z
KOSPI,323410,KOSPI,377300,PARTNER,10Y,67.372021,,67.372021,,0.8,7,rel-v0.5-full,2026-09-22T00:00:00Z
KOSPI,326030,KOSPI,352820,COMPETE,10Y,21.337214,,21.337214,,0.6,2,rel-v0.5-full,2026-09-22T00:00:00Z
KOSPI,329180,KOSPI,009540,SUPPLY,10Y,13.064176,,14.065876,,0.7,1,rel-v0.5-full,2026-09-22T00:00:00Z
KOSPI,329180,KOSPI,373220,PARTNER,10Y,38.121661,,38.121661,,0.8,3,rel-v0.5-full,2026-09-22T00:00:00Z
KOSPI,329180,NASDAQ,PLTR,PARTNER,10Y,21.337214,,21.337214,,0.6,2,rel-v0.5-full,2026-09-22T00:00:00Z
KOSPI,373220,NASDAQ,ADI,PARTNER,10Y,11.307956,,11.307956,,0.6,1,rel-v0.5-full,2026-09-22T00:00:00Z
KOSPI,373220,NASDAQ,QCOM,PARTNER,10Y,63.212056,,63.212056,,0.714286,7,rel-v0.5-full,2026-09-22T00:00:00Z
KOSPI,373220,NASDAQ,TSLA,COMPETE,10Y,30.232367,,30.232367,,0.6,3,rel-v0.5-full,2026-09-22T00:00:00Z
KOSPI,373220,NASDAQ,TSLA,PARTNER,1Y,18.126925,,18.126925,,1.0,1,rel-v0.5-full,2026-09-22T00:00:00Z
KOSPI,373220,NASDAQ,TSLA,PARTNER,10Y,56.828948,,56.828948,,0.7,6,rel-v0.5-full,2026-09-22T00:00:00Z
KOSPI,373220,NASDAQ,TSLA,SUPPLY,10Y,95.021293,,95.021293,,0.714286,21,rel-v0.5-full,2026-09-22T00:00:00Z
KOSPI,377300,NASDAQ,ABNB,PARTNER,10Y,11.307956,,11.307956,,0.6,1,rel-v0.5-full,2026-09-22T00:00:00Z
KOSPI,377300,NASDAQ,SBUX,PARTNER,10Y,30.232367,,30.232367,,0.6,3,rel-v0.5-full,2026-09-22T00:00:00Z
KOSPI,402340,NASDAQ,CMCSA,PARTNER,10Y,30.232367,,30.232367,,0.6,3,rel-v0.5-full,2026-09-22T00:00:00Z
NASDAQ,AAPL,KOSPI,005930,SUPPLY,1Y,18.126925,,18.126925,,1.0,1,rel-v0.5-full,2026-09-22T00:00:00Z
NASDAQ,AAPL,KOSPI,005930,SUPPLY,10Y,28.822968,,28.822968,,0.85,2,rel-v0.5-full,2026-09-22T00:00:00Z
NASDAQ,AAPL,NASDAQ,AMD,COMPETE,10Y,11.307956,,11.307956,,0.6,1,rel-v0.5-full,2026-09-22T00:00:00Z
NASDAQ,AAPL,NASDAQ,AMZN,COMPETE,10Y,99.108482,,99.108482,,0.874074,27,rel-v0.5-full,2026-09-22T00:00:00Z
NASDAQ,AAPL,NASDAQ,AMZN,PARTNER,10Y,63.212056,,63.212056,,0.714286,7,rel-v0.5-full,2026-09-22T00:00:00Z
NASDAQ,AAPL,NASDAQ,AVGO,COMPETE,10Y,18.126925,,18.126925,,1.0,1,rel-v0.5-full,2026-09-22T00:00:00Z
NASDAQ,AAPL,NASDAQ,AVGO,PARTNER,10Y,49.338301,,49.338301,,0.85,4,rel-v0.5-full,2026-09-22T00:00:00Z
NASDAQ,AAPL,NASDAQ,AVGO,SUPPLY,10Y,45.118836,,45.118836,,1.0,3,rel-v0.5-full,2026-09-22T00:00:00Z
NASDAQ,AAPL,NASDAQ,CSCO,COMPETE,10Y,14.785621,,14.785621,,0.8,1,rel-v0.5-full,2026-09-22T00:00:00Z
NASDAQ,AAPL,NASDAQ,CSCO,PARTNER,10Y,51.324774,,51.324774,,0.9,4,rel-v0.5-full,2026-09-22T00:00:00Z
NASDAQ,AAPL,NASDAQ,DXCM,PARTNER,10Y,18.126925,,18.126925,,1.0,1,rel-v0.5-full,2026-09-22T00:00:00Z
NASDAQ,AAPL,NASDAQ,GOOGL,COMPETE,1Y,63.212056,,63.212056,,1.0,5,rel-v0.5-full,2026-09-22T00:00:00Z
NASDAQ,AAPL,NASDAQ,GOOGL,COMPETE,10Y,99.999999,,99.999999,,0.836697,109,rel-v0.5-full,2026-09-22T00:00:00Z
NASDAQ,AAPL,NASDAQ,GOOGL,PARTNER,1Y,99.742009,,99.742009,,0.96129,31,rel-v0.5-full,2026-09-22T00:00:00Z
NASDAQ,AAPL,NASDAQ,GOOGL,PARTNER,10Y,99.999997,,99.999997,,0.830476,105,rel-v0.5-full,2026-09-22T00:00:00Z
NASDAQ,AAPL,NASDAQ,GOOGL,SUPPLY,10Y,18.126925,,18.126925,,1.0,1,rel-v0.5-full,2026-09-22T00:00:00Z
NASDAQ,AAPL,NASDAQ,INTC,COMPETE,10Y,66.040447,,66.040447,,0.771429,7,rel-v0.5-full,2026-09-22T00:00:00Z
NASDAQ,AAPL,NASDAQ,INTC,PARTNER,1Y,40.547945,,40.547945,,0.866667,3,rel-v0.5-full,2026-09-22T00:00:00Z
NASDAQ,AAPL,NASDAQ,INTC,PARTNER,10Y,72.19627,,72.19627,,0.711111,9,rel-v0.5-full,2026-09-22T00:00:00Z
NASDAQ,AAPL,NASDAQ,INTC,SUPPLY,1Y,75.340304,,75.340304,,1.0,7,rel-v0.5-full,2026-09-22T00:00:00Z
NASDAQ,AAPL,NASDAQ,INTC,SUPPLY,10Y,79.810348,,79.810348,,1.0,8,rel-v0.5-full,2026-09-22T00:00:00Z
NASDAQ,AAPL,NASDAQ,LITE,SUPPLY,10Y,18.126925,,18.126925,,1.0,1,rel-v0.5-full,2026-09-22T00:00:00Z
NASDAQ,AAPL,NASDAQ,META,COMPETE,1Y,63.212056,,63.212056,,1.0,5,rel-v0.5-full,2026-09-22T00:00:00Z
NASDAQ,AAPL,NASDAQ,META,COMPETE,10Y,99.566052,,99.566052,,0.824242,33,rel-v0.5-full,2026-09-22T00:00:00Z
NASDAQ,AAPL,NASDAQ,META,PARTNER,1Y,18.126925,,18.126925,,1.0,1,rel-v0.5-full,2026-09-22T00:00:00Z
NASDAQ,AAPL,NASDAQ,META,PARTNER,10Y,58.521709,,58.521709,,0.733333,6,rel-v0.5-full,2026-09-22T00:00:00Z
NASDAQ,AAPL,NASDAQ,MSFT,COMPETE,10Y,96.08361,,96.08361,,0.852632,19,rel-v0.5-full,2026-09-22T00:00:00Z
NASDAQ,AAPL,NASDAQ,MSFT,PARTNER,1Y,18.126925,,18.126925,,1.0,1,rel-v0.5-full,2026-09-22T00:00:00Z
NASDAQ,AAPL,NASDAQ,MSFT,PARTNER,10Y,81.362602,,81.362602,,0.763636,11,rel-v0.5-full,2026-09-22T00:00:00Z
NASDAQ,AAPL,NASDAQ,MSFT,SUPPLY,10Y,18.126925,,18.126925,,1.0,1,rel-v0.5-full,2026-09-22T00:00:00Z
NASDAQ,AAPL,NASDAQ,MU,SUPPLY,10Y,18.126925,,18.126925,,1.0,1,rel-v0.5-full,2026-09-22T00:00:00Z
NASDAQ,AAPL,NASDAQ,NFLX,COMPETE,10Y,85.339304,,85.339304,,0.8,12,rel-v0.5-full,2026-09-22T00:00:00Z
NASDAQ,AAPL,NASDAQ,NFLX,PARTNER,10Y,55.067104,,55.067104,,0.8,5,rel-v0.5-full,2026-09-22T00:00:00Z
NASDAQ,AAPL,NASDAQ,NVDA,COMPETE,10Y,32.967995,,32.967995,,0.666667,3,rel-v0.5-full,2026-09-22T00:00:00Z
NASDAQ,AAPL,NASDAQ,NVDA,SUPPLY,1Y,32.967995,,32.967995,,1.0,2,rel-v0.5-full,2026-09-22T00:00:00Z
NASDAQ,AAPL,NASDAQ,NVDA,SUPPLY,10Y,32.967995,,32.967995,,1.0,2,rel-v0.5-full,2026-09-22T00:00:00Z
NASDAQ,AAPL,NASDAQ,PYPL,COMPETE,10Y,40.547945,,40.547945,,0.866667,3,rel-v0.5-full,2026-09-22T00:00:00Z
NASDAQ,AAPL,NASDAQ,PYPL,PARTNER,10Y,18.126925,,18.126925,,1.0,1,rel-v0.5-full,2026-09-22T00:00:00Z
NASDAQ,AAPL,NASDAQ,QCOM,COMPETE,1Y,18.126925,,18.126925,,1.0,1,rel-v0.5-full,2026-09-22T00:00:00Z
NASDAQ,AAPL,NASDAQ,QCOM,COMPETE,10Y,92.863873,,92.863873,,0.776471,17,rel-v0.5-full,2026-09-22T00:00:00Z
NASDAQ,AAPL,NASDAQ,QCOM,PARTNER,10Y,74.333922,,74.333922,,0.755556,9,rel-v0.5-full,2026-09-22T00:00:00Z
NASDAQ,AAPL,NASDAQ,QCOM,SUPPLY,10Y,55.956835,,55.956835,,0.82,5,rel-v0.5-full,2026-09-22T00:00:00Z
NASDAQ,AAPL,NASDAQ,SHOP,PARTNER,10Y,18.126925,,18.126925,,1.0,1,rel-v0.5-full,2026-09-22T00:00:00Z
NASDAQ,AAPL,NASDAQ,TRI,PARTNER,10Y,18.126925,,18.126925,,1.0,1,rel-v0.5-full,2026-09-22T00:00:00Z
NASDAQ,AAPL,NASDAQ,TSLA,COMPETE,10Y,95.404074,,95.404074,,0.855556,18,rel-v0.5-full,2026-09-22T00:00:00Z
NASDAQ,AAPL,NASDAQ,TSLA,PARTNER,10Y,78.128811,,78.128811,,0.76,10,rel-v0.5-full,2026-09-22T00:00:00Z
NASDAQ,AAPL,NASDAQ,WMT,COMPETE,10Y,14.785621,,14.785621,,0.8,1,rel-v0.5-full,2026-09-22T00:00:00Z
NASDAQ,AAPL,NASDAQ,WMT,PARTNER,10Y,18.126925,,18.126925,,1.0,1,rel-v0.5-full,2026-09-22T00:00:00Z
NASDAQ,ABNB,NASDAQ,BKNG,COMPETE,10Y,51.324774,,52.318974,,0.9,4,rel-v0.5-full,2026-09-22T00:00:00Z
NASDAQ,ABNB,NASDAQ,MAR,COMPETE,10Y,18.126925,,18.126925,,1.0,1,rel-v0.5-full,2026-09-22T00:00:00Z
NASDAQ,ABNB,NASDAQ,WMT,COMPETE,10Y,14.785621,,14.785621,,0.8,1,rel-v0.5-full,2026-09-22T00:00:00Z
NASDAQ,ADBE,NASDAQ,ADSK,PARTNER,10Y,14.785621,,16.417021,,0.8,1,rel-v0.5-full,2026-09-22T00:00:00Z
NASDAQ,ADBE,NASDAQ,AMZN,PARTNER,1Y,14.785621,,14.785621,,0.8,1,rel-v0.5-full,2026-09-22T00:00:00Z
NASDAQ,ADBE,NASDAQ,AMZN,PARTNER,10Y,30.232367,,30.232367,,0.9,2,rel-v0.5-full,2026-09-22T00:00:00Z
NASDAQ,ADBE,NASDAQ,GOOGL,PARTNER,10Y,63.212056,,63.212056,,1.0,5,rel-v0.5-full,2026-09-22T00:00:00Z
NASDAQ,ADBE,NASDAQ,MSFT,PARTNER,10Y,64.654532,,64.654532,,0.866667,6,rel-v0.5-full,2026-09-22T00:00:00Z
NASDAQ,ADBE,NASDAQ,NVDA,COMPETE,10Y,14.785621,,14.785621,,0.8,1,rel-v0.5-full,2026-09-22T00:00:00Z
NASDAQ,ADBE,NASDAQ,NVDA,PARTNER,1Y,32.967995,,32.967995,,1.0,2,rel-v0.5-full,2026-09-22T00:00:00Z
NASDAQ,ADBE,NASDAQ,NVDA,PARTNER,10Y,47.270758,,47.270758,,0.8,4,rel-v0.5-full,2026-09-22T00:00:00Z
NASDAQ,ADBE,NASDAQ,TSLA,COMPETE,10Y,11.307956,,11.307956,,0.6,1,rel-v0.5-full,2026-09-22T00:00:00Z
NASDAQ,ADBE,NASDAQ,WMT,PARTNER,10Y,18.126925,,18.126925,,1.0,1,rel-v0.5-full,2026-09-22T00:00:00Z
NASDAQ,ADI,NASDAQ,MSFT,PARTNER,10Y,11.307956,,11.307956,,0.6,1,rel-v0.5-full,2026-09-22T00:00:00Z
NASDAQ,ADI,NASDAQ,NVDA,COMPETE,10Y,11.307956,,11.307956,,0.6,1,rel-v0.5-full,2026-09-22T00:00:00Z
NASDAQ,ADSK,NASDAQ,AMZN,PARTNER,10Y,40.547945,,40.547945,,0.866667,3,rel-v0.5-full,2026-09-22T00:00:00Z
NASDAQ,ADSK,NASDAQ,GOOGL,PARTNER,10Y,18.126925,,18.126925,,1.0,1,rel-v0.5-full,2026-09-22T00:00:00Z
NASDAQ,ADSK,NASDAQ,MSFT,PARTNER,1Y,14.785621,,14.785621,,0.8,1,rel-v0.5-full,2026-09-22T00:00:00Z
NASDAQ,ADSK,NASDAQ,MSFT,PARTNER,10Y,14.785621,,14.785621,,0.8,1,rel-v0.5-full,2026-09-22T00:00:00Z
NASDAQ,ALAB,NASDAQ,INTC,PARTNER,10Y,18.126925,,18.126925,,1.0,1,rel-v0.5-full,2026-09-22T00:00:00Z
NASDAQ,AMAT,NASDAQ,ARM,PARTNER,10Y,11.307956,,11.307956,,0.6,1,rel-v0.5-full,2026-09-22T00:00:00Z
NASDAQ,AMD,NASDAQ,AVGO,COMPETE,1Y,27.385096,,27.385096,,0.8,2,rel-v0.5-full,2026-09-22T00:00:00Z
NASDAQ,AMD,NASDAQ,AVGO,COMPETE,10Y,27.385096,,27.385096,,0.8,2,rel-v0.5-full,2026-09-22T00:00:00Z
NASDAQ,AMD,NASDAQ,AVGO,PARTNER,1Y,14.785621,,14.785621,,0.8,1,rel-v0.5-full,2026-09-22T00:00:00Z
NASDAQ,AMD,NASDAQ,AVGO,PARTNER,10Y,14.785621,,14.785621,,0.8,1,rel-v0.5-full,2026-09-22T00:00:00Z
NASDAQ,AMD,NASDAQ,CSCO,PARTNER,1Y,30.232367,,30.232367,,0.9,2,rel-v0.5-full,2026-09-22T00:00:00Z
NASDAQ,AMD,NASDAQ,CSCO,PARTNER,10Y,30.232367,,30.232367,,0.9,2,rel-v0.5-full,2026-09-22T00:00:00Z
NASDAQ,AMD,NASDAQ,GOOGL,COMPETE,10Y,14.785621,,14.785621,,0.8,1,rel-v0.5-full,2026-09-22T00:00:00Z
NASDAQ,AMD,NASDAQ,GOOGL,PARTNER,1Y,18.126925,,18.126925,,1.0,1,rel-v0.5-full,2026-09-22T00:00:00Z
NASDAQ,AMD,NASDAQ,GOOGL,PARTNER,10Y,55.067104,,55.067104,,1.0,4,rel-v0.5-full,2026-09-22T00:00:00Z
NASDAQ,AMD,NASDAQ,INTC,COMPETE,30D,18.126925,,18.126925,,1.0,1,rel-v0.5-full,2026-09-22T00:00:00Z
NASDAQ,AMD,NASDAQ,INTC,COMPETE,90D,18.126925,,18.126925,,1.0,1,rel-v0.5-full,2026-09-22T00:00:00Z
NASDAQ,AMD,NASDAQ,INTC,COMPETE,1Y,78.128811,,78.128811,,0.95,8,rel-v0.5-full,2026-09-22T00:00:00Z
NASDAQ,AMD,NASDAQ,INTC,COMPETE,10Y,99.999663,,99.999663,,0.797468,79,rel-v0.5-full,2026-09-22T00:00:00Z
NASDAQ,AMD,NASDAQ,INTC,PARTNER,1Y,18.126925,,18.126925,,1.0,1,rel-v0.5-full,2026-09-22T00:00:00Z
NASDAQ,AMD,NASDAQ,INTC,PARTNER,10Y,32.967995,,32.967995,,1.0,2,rel-v0.5-full,2026-09-22T00:00:00Z
NASDAQ,AMD,NASDAQ,META,PARTNER,1Y,90.928205,,90.928205,,1.0,12,rel-v0.5-full,2026-09-22T00:00:00Z
NASDAQ,AMD,NASDAQ,META,PARTNER,10Y,90.928205,,90.928205,,1.0,12,rel-v0.5-full,2026-09-22T00:00:00Z
NASDAQ,AMD,NASDAQ,META,SUPPLY,1Y,18.126925,,18.126925,,1.0,1,rel-v0.5-full,2026-09-22T00:00:00Z
NASDAQ,AMD,NASDAQ,META,SUPPLY,10Y,46.205556,,46.205556,,0.775,4,rel-v0.5-full,2026-09-22T00:00:00Z
NASDAQ,AMD,NASDAQ,MSFT,COMPETE,1Y,18.126925,,18.126925,,1.0,1,rel-v0.5-full,2026-09-22T00:00:00Z
NASDAQ,AMD,NASDAQ,MSFT,COMPETE,10Y,18.126925,,18.126925,,1.0,1,rel-v0.5-full,2026-09-22T00:00:00Z
NASDAQ,AMD,NASDAQ,MSFT,PARTNER,10Y,66.040447,,66.040447,,0.771429,7,rel-v0.5-full,2026-09-22T00:00:00Z
NASDAQ,AMD,NASDAQ,NVDA,COMPETE,90D,32.967995,,32.967995,,1.0,2,rel-v0.5-full,2026-09-22T00:00:00Z
NASDAQ,AMD,NASDAQ,NVDA,COMPETE,1Y,99.999386,,99.999386,,1.0,60,rel-v0.5-full,2026-09-22T00:00:00Z
NASDAQ,AMD,NASDAQ,NVDA,COMPETE,10Y,100.0,,100.0,,0.856667,120,rel-v0.5-full,2026-09-22T00:00:00Z
NASDAQ,AMD,NASDAQ,NVDA,PARTNER,1Y,27.385096,,27.385096,,0.8,2,rel-v0.5-full,2026-09-22T00:00:00Z
NASDAQ,AMD,NASDAQ,NVDA,PARTNER,10Y,40.547945,,40.547945,,0.866667,3,rel-v0.5-full,2026-09-22T00:00:00Z
NASDAQ,AMD,NASDAQ,NVDA,SUPPLY,1Y,32.967995,,32.967995,,1.0,2,rel-v0.5-full,2026-09-22T00:00:00Z
NASDAQ,AMD,NASDAQ,NVDA,SUPPLY,10Y,45.118836,,45.118836,,1.0,3,rel-v0.5-full,2026-09-22T00:00:00Z
NASDAQ,AMD,NASDAQ,QCOM,COMPETE,10Y,14.785621,,14.785621,,0.8,1,rel-v0.5-full,2026-09-22T00:00:00Z
NASDAQ,AMD,NASDAQ,QCOM,PARTNER,10Y,11.307956,,11.307956,,0.6,1,rel-v0.5-full,2026-09-22T00:00:00Z
NASDAQ,AMD,NASDAQ,TSLA,PARTNER,10Y,14.785621,,14.785621,,0.8,1,rel-v0.5-full,2026-09-22T00:00:00Z
NASDAQ,AMGN,NASDAQ,NVDA,PARTNER,10Y,18.126925,,18.126925,,1.0,1,rel-v0.5-full,2026-09-22T00:00:00Z
NASDAQ,AMZN,NASDAQ,AVGO,SUPPLY,10Y,13.064176,,13.064176,,0.7,1,rel-v0.5-full,2026-09-22T00:00:00Z
NASDAQ,AMZN,NASDAQ,CMCSA,PARTNER,10Y,18.126925,,18.126925,,1.0,1,rel-v0.5-full,2026-09-22T00:00:00Z
NASDAQ,AMZN,NASDAQ,COST,COMPETE,10Y,27.385096,,27.385096,,0.8,2,rel-v0.5-full,2026-09-22T00:00:00Z
NASDAQ,AMZN,NASDAQ,CRWD,PARTNER,1Y,18.126925,,18.126925,,1.0,1,rel-v0.5-full,2026-09-22T00:00:00Z
NASDAQ,AMZN,NASDAQ,CRWD,PARTNER,10Y,18.126925,,18.126925,,1.0,1,rel-v0.5-full,2026-09-22T00:00:00Z
NASDAQ,AMZN,NASDAQ,CRWV,COMPETE,1Y,18.126925,,18.126925,,1.0,1,rel-v0.5-full,2026-09-22T00:00:00Z
NASDAQ,AMZN,NASDAQ,CRWV,COMPETE,10Y,18.126925,,18.126925,,1.0,1,rel-v0.5-full,2026-09-22T00:00:00Z
NASDAQ,AMZN,NASDAQ,CSCO,PARTNER,1Y,18.126925,,18.126925,,1.0,1,rel-v0.5-full,2026-09-22T00:00:00Z
NASDAQ,AMZN,NASDAQ,CSCO,PARTNER,10Y,18.126925,,18.126925,,1.0,1,rel-v0.5-full,2026-09-22T00:00:00Z
NASDAQ,AMZN,NASDAQ,DASH,COMPETE,10Y,32.967995,,32.967995,,1.0,2,rel-v0.5-full,2026-09-22T00:00:00Z
NASDAQ,AMZN,NASDAQ,GOOG,PARTNER,1Y,18.126925,,18.126925,,1.0,1,rel-v0.5-full,2026-09-22T00:00:00Z
NASDAQ,AMZN,NASDAQ,GOOG,PARTNER,10Y,18.126925,,18.126925,,1.0,1,rel-v0.5-full,2026-09-22T00:00:00Z
NASDAQ,AMZN,NASDAQ,GOOGL,COMPETE,1Y,32.967995,,32.967995,,1.0,2,rel-v0.5-full,2026-09-22T00:00:00Z
NASDAQ,AMZN,NASDAQ,GOOGL,COMPETE,10Y,99.999932,,99.999932,,0.8875,80,rel-v0.5-full,2026-09-22T00:00:00Z
NASDAQ,AMZN,NASDAQ,GOOGL,PARTNER,10Y,98.375549,,98.375549,,0.824,25,rel-v0.5-full,2026-09-22T00:00:00Z
NASDAQ,AMZN,NASDAQ,GOOGL,SUPPLY,10Y,18.126925,,18.126925,,1.0,1,rel-v0.5-full,2026-09-22T00:00:00Z
NASDAQ,AMZN,NASDAQ,INTC,COMPETE,10Y,14.785621,,14.785621,,0.8,1,rel-v0.5-full,2026-09-22T00:00:00Z
NASDAQ,AMZN,NASDAQ,MELI,COMPETE,1Y,18.126925,,18.126925,,1.0,1,rel-v0.5-full,2026-09-22T00:00:00Z
NASDAQ,AMZN,NASDAQ,MELI,COMPETE,10Y,32.967995,,32.967995,,1.0,2,rel-v0.5-full,2026-09-22T00:00:00Z
NASDAQ,AMZN,NASDAQ,META,COMPETE,10Y,66.040447,,66.040447,,0.9,6,rel-v0.5-full,2026-09-22T00:00:00Z
NASDAQ,AMZN,NASDAQ,META,PARTNER,10Y,35.596358,,35.596358,,0.733333,3,rel-v0.5-full,2026-09-22T00:00:00Z
NASDAQ,AMZN,NASDAQ,MRVL,PARTNER,1Y,18.126925,,18.126925,,1.0,1,rel-v0.5-full,2026-09-22T00:00:00Z
NASDAQ,AMZN,NASDAQ,MRVL,PARTNER,10Y,18.126925,,18.126925,,1.0,1,rel-v0.5-full,2026-09-22T00:00:00Z
NASDAQ,AMZN,NASDAQ,MSFT,COMPETE,1Y,18.126925,,19.070125,,1.0,1,rel-v0.5-full,2026-09-22T00:00:00Z
NASDAQ,AMZN,NASDAQ,MSFT,COMPETE,10Y,99.999994,,100.0,,0.951724,87,rel-v0.5-full,2026-09-22T00:00:00Z
NASDAQ,AMZN,NASDAQ,MSFT,PARTNER,1Y,60.148096,,61.091296,,0.92,5,rel-v0.5-full,2026-09-22T00:00:00Z
NASDAQ,AMZN,NASDAQ,MSFT,PARTNER,10Y,97.040056,,97.983256,,0.88,20,rel-v0.5-full,2026-09-22T00:00:00Z
NASDAQ,AMZN,NASDAQ,MSFT,SUPPLY,1Y,18.126925,,19.070125,,1.0,1,rel-v0.5-full,2026-09-22T00:00:00Z
NASDAQ,AMZN,NASDAQ,MSFT,SUPPLY,10Y,32.967995,,33.911195,,1.0,2,rel-v0.5-full,2026-09-22T00:00:00Z
NASDAQ,AMZN,NASDAQ,NFLX,COMPETE,1Y,55.067104,,55.067104,,1.0,4,rel-v0.5-full,2026-09-22T00:00:00Z
NASDAQ,AMZN,NASDAQ,NFLX,COMPETE,10Y,99.352625,,99.352625,,0.933333,27,rel-v0.5-full,2026-09-22T00:00:00Z
NASDAQ,AMZN,NASDAQ,NFLX,PARTNER,1Y,32.967995,,32.967995,,1.0,2,rel-v0.5-full,2026-09-22T00:00:00Z
NASDAQ,AMZN,NASDAQ,NFLX,PARTNER,10Y,45.118836,,45.118836,,1.0,3,rel-v0.5-full,2026-09-22T00:00:00Z
NASDAQ,AMZN,NASDAQ,NFLX,SUPPLY,10Y,18.126925,,18.126925,,1.0,1,rel-v0.5-full,2026-09-22T00:00:00Z
NASDAQ,AMZN,NASDAQ,NVDA,COMPETE,1Y,55.067104,,55.067104,,1.0,4,rel-v0.5-full,2026-09-22T00:00:00Z
NASDAQ,AMZN,NASDAQ,NVDA,COMPETE,10Y,80.601996,,80.601996,,0.911111,9,rel-v0.5-full,2026-09-22T00:00:00Z
NASDAQ,AMZN,NASDAQ,NVDA,PARTNER,30D,40.547945,,40.547945,,0.866667,3,rel-v0.5-full,2026-09-22T00:00:00Z
NASDAQ,AMZN,NASDAQ,NVDA,PARTNER,90D,40.547945,,40.547945,,0.866667,3,rel-v0.5-full,2026-09-22T00:00:00Z
NASDAQ,AMZN,NASDAQ,NVDA,PARTNER,1Y,67.372021,,67.372021,,0.933333,6,rel-v0.5-full,2026-09-22T00:00:00Z
NASDAQ,AMZN,NASDAQ,NVDA,PARTNER,10Y,90.172641,,90.172641,,0.773333,15,rel-v0.5-full,2026-09-22T00:00:00Z
NASDAQ,AMZN,NASDAQ,NVDA,SUPPLY,1Y,18.126925,,18.126925,,1.0,1,rel-v0.5-full,2026-09-22T00:00:00Z
NASDAQ,AMZN,NASDAQ,NVDA,SUPPLY,10Y,18.126925,,18.126925,,1.0,1,rel-v0.5-full,2026-09-22T00:00:00Z
NASDAQ,AMZN,NASDAQ,NXPI,PARTNER,10Y,18.126925,,18.126925,,1.0,1,rel-v0.5-full,2026-09-22T00:00:00Z
NASDAQ,AMZN,NASDAQ,PDD,COMPETE,1Y,18.126925,,18.126925,,1.0,1,rel-v0.5-full,2026-09-22T00:00:00Z
NASDAQ,AMZN,NASDAQ,PDD,COMPETE,10Y,51.324774,,51.324774,,0.9,4,rel-v0.5-full,2026-09-22T00:00:00Z
NASDAQ,AMZN,NASDAQ,PYPL,COMPETE,10Y,18.126925,,18.126925,,1.0,1,rel-v0.5-full,2026-09-22T00:00:00Z
NASDAQ,AMZN,NASDAQ,PYPL,PARTNER,10Y,27.385096,,27.385096,,0.8,2,rel-v0.5-full,2026-09-22T00:00:00Z
NASDAQ,AMZN,NASDAQ,QCOM,PARTNER,10Y,27.385096,,27.385096,,0.8,2,rel-v0.5-full,2026-09-22T00:00:00Z
NASDAQ,AMZN,NASDAQ,SBUX,PARTNER,10Y,32.967995,,32.967995,,1.0,2,rel-v0.5-full,2026-09-22T00:00:00Z
NASDAQ,AMZN,NASDAQ,SHOP,COMPETE,1Y,18.126925,,18.126925,,1.0,1,rel-v0.5-full,2026-09-22T00:00:00Z
NASDAQ,AMZN,NASDAQ,SHOP,COMPETE,10Y,96.384717,,96.384717,,0.976471,17,rel-v0.5-full,2026-09-22T00:00:00Z
NASDAQ,AMZN,NASDAQ,SHOP,PARTNER,10Y,67.372021,,67.372021,,0.933333,6,rel-v0.5-full,2026-09-22T00:00:00Z
NASDAQ,AMZN,NASDAQ,SPCX,COMPETE,10Y,80.601996,,80.601996,,0.745455,11,rel-v0.5-full,2026-09-22T00:00:00Z
NASDAQ,AMZN,NASDAQ,SPCX,PARTNER,10Y,18.126925,,18.126925,,1.0,1,rel-v0.5-full,2026-09-22T00:00:00Z
NASDAQ,AMZN,NASDAQ,TER,SUPPLY,1Y,18.126925,,18.126925,,1.0,1,rel-v0.5-full,2026-09-22T00:00:00Z
NASDAQ,AMZN,NASDAQ,TER,SUPPLY,10Y,18.126925,,18.126925,,1.0,1,rel-v0.5-full,2026-09-22T00:00:00Z
NASDAQ,AMZN,NASDAQ,TSLA,COMPETE,10Y,68.651382,,68.651382,,0.828571,7,rel-v0.5-full,2026-09-22T00:00:00Z
NASDAQ,AMZN,NASDAQ,TSLA,PARTNER,90D,18.126925,,18.126925,,1.0,1,rel-v0.5-full,2026-09-22T00:00:00Z
NASDAQ,AMZN,NASDAQ,TSLA,PARTNER,1Y,18.126925,,18.126925,,1.0,1,rel-v0.5-full,2026-09-22T00:00:00Z
NASDAQ,AMZN,NASDAQ,TSLA,PARTNER,10Y,32.967995,,32.967995,,1.0,2,rel-v0.5-full,2026-09-22T00:00:00Z
NASDAQ,AMZN,NASDAQ,WMT,COMPETE,1Y,79.810348,,79.810348,,1.0,8,rel-v0.5-full,2026-09-22T00:00:00Z
NASDAQ,AMZN,NASDAQ,WMT,COMPETE,10Y,100.0,,100.0,,0.959091,132,rel-v0.5-full,2026-09-22T00:00:00Z
NASDAQ,AMZN,NASDAQ,WMT,PARTNER,1Y,32.967995,,32.967995,,1.0,2,rel-v0.5-full,2026-09-22T00:00:00Z
NASDAQ,AMZN,NASDAQ,WMT,PARTNER,10Y,69.880579,,69.880579,,1.0,6,rel-v0.5-full,2026-09-22T00:00:00Z
NASDAQ,AMZN,NASDAQ,WMT,SUPPLY,10Y,32.967995,,32.967995,,1.0,2,rel-v0.5-full,2026-09-22T00:00:00Z
NASDAQ,APP,NASDAQ,META,COMPETE,1Y,18.126925,,18.126925,,1.0,1,rel-v0.5-full,2026-09-22T00:00:00Z
NASDAQ,APP,NASDAQ,META,COMPETE,10Y,18.126925,,18.126925,,1.0,1,rel-v0.5-full,2026-09-22T00:00:00Z
NASDAQ,ARM,KOSPI,005930,SUPPLY,1Y,18.126925,,18.126925,,1.0,1,rel-v0.5-full,2026-09-22T00:00:00Z
NASDAQ,ARM,KOSPI,005930,SUPPLY,10Y,18.126925,,18.126925,,1.0,1,rel-v0.5-full,2026-09-22T00:00:00Z
NASDAQ,ARM,NASDAQ,AAPL,SUPPLY,10Y,45.118836,,45.118836,,1.0,3,rel-v0.5-full,2026-09-22T00:00:00Z
NASDAQ,ARM,NASDAQ,AVGO,PARTNER,10Y,18.126925,,18.126925,,1.0,1,rel-v0.5-full,2026-09-22T00:00:00Z
NASDAQ,ARM,NASDAQ,INTC,COMPETE,1Y,18.126925,,18.126925,,1.0,1,rel-v0.5-full,2026-09-22T00:00:00Z
NASDAQ,ARM,NASDAQ,INTC,COMPETE,10Y,32.967995,,32.967995,,1.0,2,rel-v0.5-full,2026-09-22T00:00:00Z
NASDAQ,ARM,NASDAQ,META,PARTNER,1Y,18.126925,,18.126925,,1.0,1,rel-v0.5-full,2026-09-22T00:00:00Z
NASDAQ,ARM,NASDAQ,META,PARTNER,10Y,18.126925,,18.126925,,1.0,1,rel-v0.5-full,2026-09-22T00:00:00Z
NASDAQ,ARM,NASDAQ,MSFT,PARTNER,10Y,30.232367,,30.232367,,0.9,2,rel-v0.5-full,2026-09-22T00:00:00Z
NASDAQ,ARM,NASDAQ,NVDA,COMPETE,10Y,51.324774,,51.324774,,0.9,4,rel-v0.5-full,2026-09-22T00:00:00Z
NASDAQ,ARM,NASDAQ,NVDA,PARTNER,10Y,55.067104,,55.067104,,1.0,4,rel-v0.5-full,2026-09-22T00:00:00Z
NASDAQ,ARM,NASDAQ,QCOM,PARTNER,1Y,18.126925,,18.126925,,1.0,1,rel-v0.5-full,2026-09-22T00:00:00Z
NASDAQ,ARM,NASDAQ,QCOM,PARTNER,10Y,32.967995,,32.967995,,1.0,2,rel-v0.5-full,2026-09-22T00:00:00Z
NASDAQ,ARM,NASDAQ,QCOM,SUPPLY,1Y,18.126925,,18.126925,,1.0,1,rel-v0.5-full,2026-09-22T00:00:00Z
NASDAQ,ARM,NASDAQ,QCOM,SUPPLY,10Y,18.126925,,18.126925,,1.0,1,rel-v0.5-full,2026-09-22T00:00:00Z
NASDAQ,ASML,KOSPI,005930,SUPPLY,10Y,13.064176,,13.064176,,0.7,1,rel-v0.5-full,2026-09-22T00:00:00Z
NASDAQ,ASML,NASDAQ,INTC,SUPPLY,10Y,73.28647,,73.28647,,0.733333,9,rel-v0.5-full,2026-09-22T00:00:00Z
NASDAQ,ASML,NASDAQ,NVDA,PARTNER,10Y,11.307956,,11.307956,,0.6,1,rel-v0.5-full,2026-09-22T00:00:00Z
NASDAQ,ASML,NASDAQ,NXPI,PARTNER,10Y,14.785621,,14.785621,,0.8,1,rel-v0.5-full,2026-09-22T00:00:00Z
NASDAQ,AVGO,KOSPI,005930,SUPPLY,10Y,56.828948,,56.828948,,0.7,6,rel-v0.5-full,2026-09-22T00:00:00Z
NASDAQ,AVGO,NASDAQ,AAPL,SUPPLY,10Y,18.126925,,18.126925,,1.0,1,rel-v0.5-full,2026-09-22T00:00:00Z
NASDAQ,AVGO,NASDAQ,AMD,SUPPLY,1Y,18.126925,,18.126925,,1.0,1,rel-v0.5-full,2026-09-22T00:00:00Z
NASDAQ,AVGO,NASDAQ,AMD,SUPPLY,10Y,18.126925,,18.126925,,1.0,1,rel-v0.5-full,2026-09-22T00:00:00Z
NASDAQ,AVGO,NASDAQ,GOOGL,PARTNER,90D,18.126925,,18.126925,,1.0,1,rel-v0.5-full,2026-09-22T00:00:00Z
NASDAQ,AVGO,NASDAQ,GOOGL,PARTNER,1Y,75.340304,,75.340304,,1.0,7,rel-v0.5-full,2026-09-22T00:00:00Z
NASDAQ,AVGO,NASDAQ,GOOGL,PARTNER,10Y,75.340304,,75.340304,,1.0,7,rel-v0.5-full,2026-09-22T00:00:00Z
NASDAQ,AVGO,NASDAQ,META,SUPPLY,1Y,18.126925,,18.126925,,1.0,1,rel-v0.5-full,2026-09-22T00:00:00Z
NASDAQ,AVGO,NASDAQ,META,SUPPLY,10Y,18.126925,,18.126925,,1.0,1,rel-v0.5-full,2026-09-22T00:00:00Z
NASDAQ,AVGO,NASDAQ,MRVL,COMPETE,30D,14.785621,,14.785621,,0.8,1,rel-v0.5-full,2026-09-22T00:00:00Z
NASDAQ,AVGO,NASDAQ,MRVL,COMPETE,90D,14.785621,,14.785621,,0.8,1,rel-v0.5-full,2026-09-22T00:00:00Z
NASDAQ,AVGO,NASDAQ,MRVL,COMPETE,1Y,14.785621,,14.785621,,0.8,1,rel-v0.5-full,2026-09-22T00:00:00Z
NASDAQ,AVGO,NASDAQ,MRVL,COMPETE,10Y,42.879094,,42.879094,,0.7,4,rel-v0.5-full,2026-09-22T00:00:00Z
NASDAQ,AVGO,NASDAQ,MRVL,PARTNER,30D,27.385096,,27.385096,,0.8,2,rel-v0.5-full,2026-09-22T00:00:00Z
NASDAQ,AVGO,NASDAQ,MRVL,PARTNER,90D,27.385096,,27.385096,,0.8,2,rel-v0.5-full,2026-09-22T00:00:00Z
NASDAQ,AVGO,NASDAQ,MRVL,PARTNER,1Y,27.385096,,27.385096,,0.8,2,rel-v0.5-full,2026-09-22T00:00:00Z
NASDAQ,AVGO,NASDAQ,MRVL,PARTNER,10Y,27.385096,,27.385096,,0.8,2,rel-v0.5-full,2026-09-22T00:00:00Z
NASDAQ,AVGO,NASDAQ,MSFT,COMPETE,1Y,32.967995,,32.967995,,1.0,2,rel-v0.5-full,2026-09-22T00:00:00Z
NASDAQ,AVGO,NASDAQ,MSFT,COMPETE,10Y,32.967995,,32.967995,,1.0,2,rel-v0.5-full,2026-09-22T00:00:00Z
NASDAQ,AVGO,NASDAQ,MSFT,PARTNER,1Y,32.967995,,32.967995,,1.0,2,rel-v0.5-full,2026-09-22T00:00:00Z
NASDAQ,AVGO,NASDAQ,MSFT,PARTNER,10Y,32.967995,,32.967995,,1.0,2,rel-v0.5-full,2026-09-22T00:00:00Z
NASDAQ,AVGO,NASDAQ,NVDA,COMPETE,90D,18.126925,,18.126925,,1.0,1,rel-v0.5-full,2026-09-22T00:00:00Z
NASDAQ,AVGO,NASDAQ,NVDA,COMPETE,1Y,63.212056,,63.212056,,1.0,5,rel-v0.5-full,2026-09-22T00:00:00Z
NASDAQ,AVGO,NASDAQ,NVDA,COMPETE,10Y,63.212056,,63.212056,,1.0,5,rel-v0.5-full,2026-09-22T00:00:00Z
NASDAQ,AVGO,NASDAQ,NVDA,PARTNER,30D,18.126925,,18.126925,,1.0,1,rel-v0.5-full,2026-09-22T00:00:00Z
NASDAQ,AVGO,NASDAQ,NVDA,PARTNER,90D,18.126925,,18.126925,,1.0,1,rel-v0.5-full,2026-09-22T00:00:00Z
NASDAQ,AVGO,NASDAQ,NVDA,PARTNER,1Y,32.967995,,32.967995,,1.0,2,rel-v0.5-full,2026-09-22T00:00:00Z
NASDAQ,AVGO,NASDAQ,NVDA,PARTNER,10Y,32.967995,,32.967995,,1.0,2,rel-v0.5-full,2026-09-22T00:00:00Z
NASDAQ,AVGO,NASDAQ,QCOM,COMPETE,10Y,97.85064,,97.85064,,0.914286,21,rel-v0.5-full,2026-09-22T00:00:00Z
NASDAQ,AVGO,NASDAQ,QCOM,SUPPLY,10Y,32.967995,,32.967995,,1.0,2,rel-v0.5-full,2026-09-22T00:00:00Z
NASDAQ,BKNG,NASDAQ,GOOGL,COMPETE,1Y,18.126925,,18.126925,,1.0,1,rel-v0.5-full,2026-09-22T00:00:00Z
NASDAQ,BKNG,NASDAQ,GOOGL,COMPETE,10Y,18.126925,,18.126925,,1.0,1,rel-v0.5-full,2026-09-22T00:00:00Z
NASDAQ,CDNS,NASDAQ,SNPS,PARTNER,10Y,14.785621,,16.528321,,0.8,1,rel-v0.5-full,2026-09-22T00:00:00Z
NASDAQ,CEG,NASDAQ,MSFT,PARTNER,1Y,18.126925,,18.126925,,1.0,1,rel-v0.5-full,2026-09-22T00:00:00Z
NASDAQ,CEG,NASDAQ,MSFT,PARTNER,10Y,18.126925,,18.126925,,1.0,1,rel-v0.5-full,2026-09-22T00:00:00Z
NASDAQ,CMCSA,NASDAQ,GOOGL,COMPETE,10Y,18.126925,,18.126925,,1.0,1,rel-v0.5-full,2026-09-22T00:00:00Z
NASDAQ,CMCSA,NASDAQ,INTC,PARTNER,10Y,18.126925,,18.126925,,1.0,1,rel-v0.5-full,2026-09-22T00:00:00Z
NASDAQ,CMCSA,NASDAQ,NFLX,COMPETE,1Y,32.967995,,32.967995,,1.0,2,rel-v0.5-full,2026-09-22T00:00:00Z
NASDAQ,CMCSA,NASDAQ,NFLX,COMPETE,10Y,55.067104,,55.067104,,1.0,4,rel-v0.5-full,2026-09-22T00:00:00Z
NASDAQ,CMCSA,NASDAQ,TMUS,COMPETE,10Y,18.126925,,19.468525,,1.0,1,rel-v0.5-full,2026-09-22T00:00:00Z
NASDAQ,CMCSA,NASDAQ,WMT,PARTNER,10Y,11.307956,,11.307956,,0.6,1,rel-v0.5-full,2026-09-22T00:00:00Z
NASDAQ,COST,NASDAQ,GOOGL,PARTNER,10Y,18.126925,,18.126925,,1.0,1,rel-v0.5-full,2026-09-22T00:00:00Z
NASDAQ,COST,NASDAQ,NFLX,COMPETE,10Y,11.307956,,11.307956,,0.6,1,rel-v0.5-full,2026-09-22T00:00:00Z
NASDAQ,COST,NASDAQ,TMUS,COMPETE,10Y,21.337214,,21.337214,,0.6,2,rel-v0.5-full,2026-09-22T00:00:00Z
NASDAQ,COST,NASDAQ,WMT,COMPETE,10Y,55.067104,,56.414404,,1.0,4,rel-v0.5-full,2026-09-22T00:00:00Z
NASDAQ,COST,NASDAQ,WMT,PARTNER,10Y,14.785621,,16.132921,,0.8,1,rel-v0.5-full,2026-09-22T00:00:00Z
NASDAQ,CRWD,NASDAQ,CRWV,PARTNER,1Y,32.967995,,32.967995,,1.0,2,rel-v0.5-full,2026-09-22T00:00:00Z
NASDAQ,CRWD,NASDAQ,CRWV,PARTNER,10Y,32.967995,,32.967995,,1.0,2,rel-v0.5-full,2026-09-22T00:00:00Z
NASDAQ,CRWD,NASDAQ,MSFT,COMPETE,10Y,18.126925,,18.126925,,1.0,1,rel-v0.5-full,2026-09-22T00:00:00Z
NASDAQ,CRWD,NASDAQ,MSFT,PARTNER,1Y,18.126925,,18.126925,,1.0,1,rel-v0.5-full,2026-09-22T00:00:00Z
NASDAQ,CRWD,NASDAQ,MSFT,PARTNER,10Y,18.126925,,18.126925,,1.0,1,rel-v0.5-full,2026-09-22T00:00:00Z
NASDAQ,CRWD,NASDAQ,NVDA,PARTNER,1Y,32.967995,,32.967995,,1.0,2,rel-v0.5-full,2026-09-22T00:00:00Z
NASDAQ,CRWD,NASDAQ,NVDA,PARTNER,10Y,32.967995,,32.967995,,1.0,2,rel-v0.5-full,2026-09-22T00:00:00Z
NASDAQ,CRWD,NASDAQ,PANW,COMPETE,1Y,32.967995,,35.031695,,1.0,2,rel-v0.5-full,2026-09-22T00:00:00Z
NASDAQ,CRWD,NASDAQ,PANW,COMPETE,10Y,32.967995,,35.031695,,1.0,2,rel-v0.5-full,2026-09-22T00:00:00Z
NASDAQ,CRWV,NASDAQ,NBIS,COMPETE,1Y,18.126925,,20.260525,,1.0,1,rel-v0.5-full,2026-09-22T00:00:00Z
NASDAQ,CRWV,NASDAQ,NBIS,COMPETE,10Y,18.126925,,20.260525,,1.0,1,rel-v0.5-full,2026-09-22T00:00:00Z
NASDAQ,CRWV,NASDAQ,NVDA,PARTNER,1Y,95.92378,,95.92378,,1.0,16,rel-v0.5-full,2026-09-22T00:00:00Z
NASDAQ,CRWV,NASDAQ,NVDA,PARTNER,10Y,96.793531,,96.793531,,0.955556,18,rel-v0.5-full,2026-09-22T00:00:00Z
NASDAQ,CRWV,NASDAQ,NVDA,SUPPLY,1Y,45.118836,,45.118836,,1.0,3,rel-v0.5-full,2026-09-22T00:00:00Z
NASDAQ,CRWV,NASDAQ,NVDA,SUPPLY,10Y,45.118836,,45.118836,,1.0,3,rel-v0.5-full,2026-09-22T00:00:00Z
NASDAQ,CSCO,NASDAQ,FTNT,PARTNER,1Y,27.385096,,27.385096,,0.8,2,rel-v0.5-full,2026-09-22T00:00:00Z
NASDAQ,CSCO,NASDAQ,FTNT,PARTNER,10Y,27.385096,,27.385096,,0.8,2,rel-v0.5-full,2026-09-22T00:00:00Z
NASDAQ,CSCO,NASDAQ,GOOGL,COMPETE,10Y,11.307956,,11.307956,,0.6,1,rel-v0.5-full,2026-09-22T00:00:00Z
NASDAQ,CSCO,NASDAQ,GOOGL,PARTNER,10Y,55.067104,,55.067104,,1.0,4,rel-v0.5-full,2026-09-22T00:00:00Z
NASDAQ,CSCO,NASDAQ,MSFT,COMPETE,10Y,18.126925,,18.126925,,1.0,1,rel-v0.5-full,2026-09-22T00:00:00Z
NASDAQ,CSCO,NASDAQ,MSFT,PARTNER,10Y,30.232367,,30.232367,,0.6,3,rel-v0.5-full,2026-09-22T00:00:00Z
NASDAQ,CSCO,NASDAQ,MSFT,SUPPLY,10Y,18.126925,,18.126925,,1.0,1,rel-v0.5-full,2026-09-22T00:00:00Z
NASDAQ,CSCO,NASDAQ,NVDA,COMPETE,10Y,11.307956,,11.307956,,0.6,1,rel-v0.5-full,2026-09-22T00:00:00Z
NASDAQ,CSCO,NASDAQ,NVDA,PARTNER,1Y,55.067104,,55.067104,,1.0,4,rel-v0.5-full,2026-09-22T00:00:00Z
NASDAQ,CSCO,NASDAQ,NVDA,PARTNER,10Y,68.651382,,68.651382,,0.966667,6,rel-v0.5-full,2026-09-22T00:00:00Z
NASDAQ,CSCO,NASDAQ,TMUS,COMPETE,10Y,14.785621,,14.785621,,0.8,1,rel-v0.5-full,2026-09-22T00:00:00Z
NASDAQ,CSCO,NASDAQ,WMT,COMPETE,10Y,14.785621,,14.785621,,0.8,1,rel-v0.5-full,2026-09-22T00:00:00Z
NASDAQ,CTAS,NASDAQ,WMT,SUPPLY,1Y,18.126925,,18.126925,,1.0,1,rel-v0.5-full,2026-09-22T00:00:00Z
NASDAQ,CTAS,NASDAQ,WMT,SUPPLY,10Y,18.126925,,18.126925,,1.0,1,rel-v0.5-full,2026-09-22T00:00:00Z
NASDAQ,DASH,NASDAQ,SBUX,PARTNER,10Y,18.126925,,18.126925,,1.0,1,rel-v0.5-full,2026-09-22T00:00:00Z
NASDAQ,DASH,NASDAQ,WMT,PARTNER,10Y,45.118836,,45.118836,,1.0,3,rel-v0.5-full,2026-09-22T00:00:00Z
NASDAQ,DASH,NASDAQ,WMT,SUPPLY,10Y,18.126925,,18.126925,,1.0,1,rel-v0.5-full,2026-09-22T00:00:00Z
NASDAQ,DDOG,NASDAQ,MSFT,PARTNER,1Y,18.126925,,18.126925,,1.0,1,rel-v0.5-full,2026-09-22T00:00:00Z
NASDAQ,DDOG,NASDAQ,MSFT,PARTNER,10Y,18.126925,,18.126925,,1.0,1,rel-v0.5-full,2026-09-22T00:00:00Z
NASDAQ,FTNT,NASDAQ,GOOGL,PARTNER,10Y,27.385096,,27.385096,,0.8,2,rel-v0.5-full,2026-09-22T00:00:00Z
NASDAQ,FTNT,NASDAQ,INTC,PARTNER,90D,11.307956,,11.307956,,0.6,1,rel-v0.5-full,2026-09-22T00:00:00Z
NASDAQ,FTNT,NASDAQ,INTC,PARTNER,1Y,11.307956,,11.307956,,0.6,1,rel-v0.5-full,2026-09-22T00:00:00Z
NASDAQ,FTNT,NASDAQ,INTC,PARTNER,10Y,11.307956,,11.307956,,0.6,1,rel-v0.5-full,2026-09-22T00:00:00Z
NASDAQ,GEHC,NASDAQ,NXPI,PARTNER,1Y,18.126925,,18.126925,,1.0,1,rel-v0.5-full,2026-09-22T00:00:00Z
NASDAQ,GEHC,NASDAQ,NXPI,PARTNER,10Y,18.126925,,18.126925,,1.0,1,rel-v0.5-full,2026-09-22T00:00:00Z
NASDAQ,GOOG,NASDAQ,NVDA,COMPETE,1Y,18.126925,,18.126925,,1.0,1,rel-v0.5-full,2026-09-22T00:00:00Z
NASDAQ,GOOG,NASDAQ,NVDA,COMPETE,10Y,18.126925,,18.126925,,1.0,1,rel-v0.5-full,2026-09-22T00:00:00Z
NASDAQ,GOOGL,NASDAQ,AAPL,SUPPLY,10Y,18.126925,,18.126925,,1.0,1,rel-v0.5-full,2026-09-22T00:00:00Z
NASDAQ,GOOGL,NASDAQ,AMZN,SUPPLY,10Y,18.126925,,18.126925,,1.0,1,rel-v0.5-full,2026-09-22T00:00:00Z
NASDAQ,GOOGL,NASDAQ,AVGO,SUPPLY,1Y,18.126925,,18.126925,,1.0,1,rel-v0.5-full,2026-09-22T00:00:00Z
NASDAQ,GOOGL,NASDAQ,AVGO,SUPPLY,10Y,18.126925,,18.126925,,1.0,1,rel-v0.5-full,2026-09-22T00:00:00Z
NASDAQ,GOOGL,NASDAQ,INTC,COMPETE,10Y,18.126925,,18.126925,,1.0,1,rel-v0.5-full,2026-09-22T00:00:00Z
NASDAQ,GOOGL,NASDAQ,INTC,PARTNER,10Y,30.232367,,30.232367,,0.9,2,rel-v0.5-full,2026-09-22T00:00:00Z
NASDAQ,GOOGL,NASDAQ,META,COMPETE,1Y,55.067104,,55.067104,,1.0,4,rel-v0.5-full,2026-09-22T00:00:00Z
NASDAQ,GOOGL,NASDAQ,META,COMPETE,10Y,99.143439,,99.143439,,0.881481,27,rel-v0.5-full,2026-09-22T00:00:00Z
NASDAQ,GOOGL,NASDAQ,META,PARTNER,1Y,45.118836,,45.118836,,1.0,3,rel-v0.5-full,2026-09-22T00:00:00Z
NASDAQ,GOOGL,NASDAQ,META,PARTNER,10Y,98.994816,,98.994816,,0.821429,28,rel-v0.5-full,2026-09-22T00:00:00Z
NASDAQ,GOOGL,NASDAQ,MSFT,COMPETE,1Y,63.212056,,63.212056,,1.0,5,rel-v0.5-full,2026-09-22T00:00:00Z
NASDAQ,GOOGL,NASDAQ,MSFT,COMPETE,10Y,100.0,,100.0,,0.813008,123,rel-v0.5-full,2026-09-22T00:00:00Z
NASDAQ,GOOGL,NASDAQ,MSFT,PARTNER,1Y,32.967995,,32.967995,,1.0,2,rel-v0.5-full,2026-09-22T00:00:00Z
NASDAQ,GOOGL,NASDAQ,MSFT,PARTNER,10Y,99.928269,,99.928269,,0.861905,42,rel-v0.5-full,2026-09-22T00:00:00Z
NASDAQ,GOOGL,NASDAQ,NBIS,COMPETE,1Y,18.126925,,18.126925,,1.0,1,rel-v0.5-full,2026-09-22T00:00:00Z
NASDAQ,GOOGL,NASDAQ,NBIS,COMPETE,10Y,18.126925,,18.126925,,1.0,1,rel-v0.5-full,2026-09-22T00:00:00Z
NASDAQ,GOOGL,NASDAQ,NFLX,COMPETE,1Y,18.126925,,18.126925,,1.0,1,rel-v0.5-full,2026-09-22T00:00:00Z
NASDAQ,GOOGL,NASDAQ,NFLX,COMPETE,10Y,75.340304,,75.340304,,0.875,8,rel-v0.5-full,2026-09-22T00:00:00Z
NASDAQ,GOOGL,NASDAQ,NFLX,PARTNER,10Y,40.547945,,40.547945,,0.866667,3,rel-v0.5-full,2026-09-22T00:00:00Z
NASDAQ,GOOGL,NASDAQ,NFLX,SUPPLY,10Y,18.126925,,18.126925,,1.0,1,rel-v0.5-full,2026-09-22T00:00:00Z
NASDAQ,GOOGL,NASDAQ,NVDA,COMPETE,1Y,55.067104,,55.067104,,1.0,4,rel-v0.5-full,2026-09-22T00:00:00Z
NASDAQ,GOOGL,NASDAQ,NVDA,COMPETE,10Y,82.093385,,82.093385,,0.86,10,rel-v0.5-full,2026-09-22T00:00:00Z
NASDAQ,GOOGL,NASDAQ,NVDA,PARTNER,1Y,32.967995,,32.967995,,1.0,2,rel-v0.5-full,2026-09-22T00:00:00Z
NASDAQ,GOOGL,NASDAQ,NVDA,PARTNER,10Y,91.625677,,91.625677,,0.775,16,rel-v0.5-full,2026-09-22T00:00:00Z
NASDAQ,GOOGL,NASDAQ,PYPL,COMPETE,10Y,32.967995,,32.967995,,1.0,2,rel-v0.5-full,2026-09-22T00:00:00Z
NASDAQ,GOOGL,NASDAQ,PYPL,PARTNER,1Y,55.067104,,55.067104,,1.0,4,rel-v0.5-full,2026-09-22T00:00:00Z
NASDAQ,GOOGL,NASDAQ,PYPL,PARTNER,10Y,61.710711,,61.710711,,0.96,5,rel-v0.5-full,2026-09-22T00:00:00Z
NASDAQ,GOOGL,NASDAQ,QCOM,COMPETE,10Y,14.785621,,14.785621,,0.8,1,rel-v0.5-full,2026-09-22T00:00:00Z
NASDAQ,GOOGL,NASDAQ,QCOM,PARTNER,10Y,85.914158,,85.914158,,0.816667,12,rel-v0.5-full,2026-09-22T00:00:00Z
NASDAQ,GOOGL,NASDAQ,QCOM,SUPPLY,1Y,18.126925,,18.126925,,1.0,1,rel-v0.5-full,2026-09-22T00:00:00Z
NASDAQ,GOOGL,NASDAQ,QCOM,SUPPLY,10Y,18.126925,,18.126925,,1.0,1,rel-v0.5-full,2026-09-22T00:00:00Z
NASDAQ,GOOGL,NASDAQ,SHOP,PARTNER,10Y,68.651382,,68.651382,,0.828571,7,rel-v0.5-full,2026-09-22T00:00:00Z
NASDAQ,GOOGL,NASDAQ,SPCX,COMPETE,1Y,18.126925,,18.126925,,1.0,1,rel-v0.5-full,2026-09-22T00:00:00Z
NASDAQ,GOOGL,NASDAQ,SPCX,COMPETE,10Y,18.126925,,18.126925,,1.0,1,rel-v0.5-full,2026-09-22T00:00:00Z
NASDAQ,GOOGL,NASDAQ,SPCX,PARTNER,1Y,11.307956,,11.307956,,0.6,1,rel-v0.5-full,2026-09-22T00:00:00Z
NASDAQ,GOOGL,NASDAQ,SPCX,PARTNER,10Y,11.307956,,11.307956,,0.6,1,rel-v0.5-full,2026-09-22T00:00:00Z
NASDAQ,GOOGL,NASDAQ,TMUS,COMPETE,10Y,18.126925,,18.126925,,1.0,1,rel-v0.5-full,2026-09-22T00:00:00Z
NASDAQ,GOOGL,NASDAQ,TSLA,COMPETE,10Y,73.28647,,73.28647,,0.825,8,rel-v0.5-full,2026-09-22T00:00:00Z
NASDAQ,GOOGL,NASDAQ,TSLA,PARTNER,1Y,32.967995,,32.967995,,1.0,2,rel-v0.5-full,2026-09-22T00:00:00Z
NASDAQ,GOOGL,NASDAQ,TSLA,PARTNER,10Y,32.967995,,32.967995,,1.0,2,rel-v0.5-full,2026-09-22T00:00:00Z
NASDAQ,GOOGL,NASDAQ,WMT,COMPETE,10Y,14.785621,,14.785621,,0.8,1,rel-v0.5-full,2026-09-22T00:00:00Z
NASDAQ,GOOGL,NASDAQ,WMT,PARTNER,1Y,45.118836,,45.118836,,1.0,3,rel-v0.5-full,2026-09-22T00:00:00Z
NASDAQ,GOOGL,NASDAQ,WMT,PARTNER,10Y,90.172641,,90.172641,,0.966667,12,rel-v0.5-full,2026-09-22T00:00:00Z
NASDAQ,INTC,KOSPI,005930,SUPPLY,10Y,24.421626,,24.421626,,0.7,2,rel-v0.5-full,2026-09-22T00:00:00Z
NASDAQ,INTC,NASDAQ,AAPL,SUPPLY,1Y,18.126925,,18.126925,,1.0,1,rel-v0.5-full,2026-09-22T00:00:00Z
NASDAQ,INTC,NASDAQ,AAPL,SUPPLY,10Y,63.940506,,63.940506,,0.85,6,rel-v0.5-full,2026-09-22T00:00:00Z
NASDAQ,INTC,NASDAQ,MSFT,PARTNER,10Y,78.986393,,78.986393,,0.78,10,rel-v0.5-full,2026-09-22T00:00:00Z
NASDAQ,INTC,NASDAQ,MU,COMPETE,10Y,38.121661,,38.121661,,0.8,3,rel-v0.5-full,2026-09-22T00:00:00Z
NASDAQ,INTC,NASDAQ,MU,PARTNER,10Y,56.828948,,56.828948,,0.7,6,rel-v0.5-full,2026-09-22T00:00:00Z
NASDAQ,INTC,NASDAQ,NFLX,PARTNER,10Y,11.307956,,11.307956,,0.6,1,rel-v0.5-full,2026-09-22T00:00:00Z
NASDAQ,INTC,NASDAQ,NVDA,COMPETE,1Y,76.307224,,76.307224,,0.9,8,rel-v0.5-full,2026-09-22T00:00:00Z
NASDAQ,INTC,NASDAQ,NVDA,COMPETE,10Y,95.216511,,95.216511,,0.844444,18,rel-v0.5-full,2026-09-22T00:00:00Z
NASDAQ,INTC,NASDAQ,NVDA,PARTNER,1Y,99.720521,,99.720521,,0.98,30,rel-v0.5-full,2026-09-22T00:00:00Z
NASDAQ,INTC,NASDAQ,NVDA,PARTNER,10Y,99.976596,,99.976596,,0.908696,46,rel-v0.5-full,2026-09-22T00:00:00Z
NASDAQ,INTC,NASDAQ,NXPI,PARTNER,10Y,14.785621,,14.785621,,0.8,1,rel-v0.5-full,2026-09-22T00:00:00Z
NASDAQ,INTC,NASDAQ,QCOM,COMPETE,10Y,97.477703,,97.477703,,0.87619,21,rel-v0.5-full,2026-09-22T00:00:00Z
NASDAQ,INTC,NASDAQ,QCOM,PARTNER,10Y,49.338301,,49.338301,,0.85,4,rel-v0.5-full,2026-09-22T00:00:00Z
NASDAQ,INTC,NASDAQ,SNPS,PARTNER,1Y,32.967995,,32.967995,,1.0,2,rel-v0.5-full,2026-09-22T00:00:00Z
NASDAQ,INTC,NASDAQ,SNPS,PARTNER,10Y,40.547945,,40.547945,,0.866667,3,rel-v0.5-full,2026-09-22T00:00:00Z
NASDAQ,INTC,NASDAQ,SPCX,PARTNER,90D,18.126925,,18.126925,,1.0,1,rel-v0.5-full,2026-09-22T00:00:00Z
NASDAQ,INTC,NASDAQ,SPCX,PARTNER,1Y,18.126925,,18.126925,,1.0,1,rel-v0.5-full,2026-09-22T00:00:00Z
NASDAQ,INTC,NASDAQ,SPCX,PARTNER,10Y,18.126925,,18.126925,,1.0,1,rel-v0.5-full,2026-09-22T00:00:00Z
NASDAQ,INTC,NASDAQ,TSLA,PARTNER,1Y,27.385096,,27.385096,,0.8,2,rel-v0.5-full,2026-09-22T00:00:00Z
NASDAQ,INTC,NASDAQ,TSLA,PARTNER,10Y,27.385096,,27.385096,,0.8,2,rel-v0.5-full,2026-09-22T00:00:00Z
NASDAQ,INTC,NASDAQ,TXN,COMPETE,10Y,27.385096,,27.385096,,0.8,2,rel-v0.5-full,2026-09-22T00:00:00Z
NASDAQ,INTC,NASDAQ,WBD,PARTNER,10Y,11.307956,,11.307956,,0.6,1,rel-v0.5-full,2026-09-22T00:00:00Z
NASDAQ,KLAC,NASDAQ,SNPS,PARTNER,1Y,14.785621,,14.785621,,0.8,1,rel-v0.5-full,2026-09-22T00:00:00Z
NASDAQ,KLAC,NASDAQ,SNPS,PARTNER,10Y,14.785621,,14.785621,,0.8,1,rel-v0.5-full,2026-09-22T00:00:00Z
NASDAQ,LITE,NASDAQ,AAPL,SUPPLY,10Y,32.967995,,32.967995,,1.0,2,rel-v0.5-full,2026-09-22T00:00:00Z
NASDAQ,LITE,NASDAQ,GOOGL,SUPPLY,1Y,18.126925,,18.126925,,1.0,1,rel-v0.5-full,2026-09-22T00:00:00Z
NASDAQ,LITE,NASDAQ,GOOGL,SUPPLY,10Y,18.126925,,18.126925,,1.0,1,rel-v0.5-full,2026-09-22T00:00:00Z
NASDAQ,LITE,NASDAQ,NVDA,PARTNER,1Y,45.118836,,45.118836,,1.0,3,rel-v0.5-full,2026-09-22T00:00:00Z
NASDAQ,LITE,NASDAQ,NVDA,PARTNER,10Y,45.118836,,45.118836,,1.0,3,rel-v0.5-full,2026-09-22T00:00:00Z
NASDAQ,MCHP,NASDAQ,NXPI,PARTNER,10Y,14.785621,,16.755421,,0.8,1,rel-v0.5-full,2026-09-22T00:00:00Z
NASDAQ,MELI,NASDAQ,PYPL,PARTNER,10Y,32.967995,,32.967995,,1.0,2,rel-v0.5-full,2026-09-22T00:00:00Z
NASDAQ,META,NASDAQ,GOOGL,SUPPLY,1Y,32.967995,,32.967995,,1.0,2,rel-v0.5-full,2026-09-22T00:00:00Z
NASDAQ,META,NASDAQ,GOOGL,SUPPLY,10Y,32.967995,,32.967995,,1.0,2,rel-v0.5-full,2026-09-22T00:00:00Z
NASDAQ,META,NASDAQ,MSFT,COMPETE,1Y,14.785621,,14.785621,,0.8,1,rel-v0.5-full,2026-09-22T00:00:00Z
NASDAQ,META,NASDAQ,MSFT,COMPETE,10Y,68.651382,,68.651382,,0.725,8,rel-v0.5-full,2026-09-22T00:00:00Z
NASDAQ,META,NASDAQ,MSFT,PARTNER,10Y,67.372021,,67.372021,,0.933333,6,rel-v0.5-full,2026-09-22T00:00:00Z
NASDAQ,META,NASDAQ,NBIS,SUPPLY,1Y,18.126925,,18.126925,,1.0,1,rel-v0.5-full,2026-09-22T00:00:00Z
NASDAQ,META,NASDAQ,NBIS,SUPPLY,10Y,18.126925,,18.126925,,1.0,1,rel-v0.5-full,2026-09-22T00:00:00Z
NASDAQ,META,NASDAQ,NFLX,COMPETE,10Y,14.785621,,14.785621,,0.8,1,rel-v0.5-full,2026-09-22T00:00:00Z
NASDAQ,META,NASDAQ,NVDA,COMPETE,10Y,18.126925,,18.126925,,1.0,1,rel-v0.5-full,2026-09-22T00:00:00Z
NASDAQ,META,NASDAQ,NVDA,PARTNER,1Y,97.040056,,97.040056,,0.977778,18,rel-v0.5-full,2026-09-22T00:00:00Z
NASDAQ,META,NASDAQ,NVDA,PARTNER,10Y,97.040056,,97.040056,,0.977778,18,rel-v0.5-full,2026-09-22T00:00:00Z
NASDAQ,META,NASDAQ,PLTR,PARTNER,10Y,14.785621,,14.785621,,0.8,1,rel-v0.5-full,2026-09-22T00:00:00Z
NASDAQ,META,NASDAQ,QCOM,PARTNER,10Y,51.324774,,51.324774,,0.72,5,rel-v0.5-full,2026-09-22T00:00:00Z
NASDAQ,META,NASDAQ,SHOP,COMPETE,10Y,18.126925,,18.126925,,1.0,1,rel-v0.5-full,2026-09-22T00:00:00Z
NASDAQ,META,NASDAQ,WMT,COMPETE,10Y,18.126925,,18.126925,,1.0,1,rel-v0.5-full,2026-09-22T00:00:00Z
NASDAQ,MRVL,NASDAQ,AMZN,SUPPLY,1Y,18.126925,,18.126925,,1.0,1,rel-v0.5-full,2026-09-22T00:00:00Z
NASDAQ,MRVL,NASDAQ,AMZN,SUPPLY,10Y,18.126925,,18.126925,,1.0,1,rel-v0.5-full,2026-09-22T00:00:00Z
NASDAQ,MSFT,NASDAQ,AMZN,SUPPLY,10Y,18.126925,,19.070125,,1.0,1,rel-v0.5-full,2026-09-22T00:00:00Z
NASDAQ,MSFT,NASDAQ,NBIS,PARTNER,1Y,45.118836,,45.118836,,1.0,3,rel-v0.5-full,2026-09-22T00:00:00Z
NASDAQ,MSFT,NASDAQ,NBIS,PARTNER,10Y,45.118836,,45.118836,,1.0,3,rel-v0.5-full,2026-09-22T00:00:00Z
NASDAQ,MSFT,NASDAQ,NFLX,PARTNER,10Y,73.28647,,73.28647,,0.942857,7,rel-v0.5-full,2026-09-22T00:00:00Z
NASDAQ,MSFT,NASDAQ,NVDA,PARTNER,1Y,55.067104,,55.067104,,1.0,4,rel-v0.5-full,2026-09-22T00:00:00Z
NASDAQ,MSFT,NASDAQ,NVDA,PARTNER,10Y,86.997129,,86.997129,,0.927273,11,rel-v0.5-full,2026-09-22T00:00:00Z
NASDAQ,MSFT,NASDAQ,NVDA,SUPPLY,1Y,32.967995,,32.967995,,1.0,2,rel-v0.5-full,2026-09-22T00:00:00Z
NASDAQ,MSFT,NASDAQ,NVDA,SUPPLY,10Y,32.967995,,32.967995,,1.0,2,rel-v0.5-full,2026-09-22T00:00:00Z
NASDAQ,MSFT,NASDAQ,PANW,COMPETE,10Y,18.126925,,18.126925,,1.0,1,rel-v0.5-full,2026-09-22T00:00:00Z
NASDAQ,MSFT,NASDAQ,PYPL,PARTNER,1Y,55.067104,,55.067104,,1.0,4,rel-v0.5-full,2026-09-22T00:00:00Z
NASDAQ,MSFT,NASDAQ,PYPL,PARTNER,10Y,55.067104,,55.067104,,1.0,4,rel-v0.5-full,2026-09-22T00:00:00Z
NASDAQ,MSFT,NASDAQ,QCOM,PARTNER,10Y,75.340304,,75.340304,,1.0,7,rel-v0.5-full,2026-09-22T00:00:00Z
NASDAQ,MSFT,NASDAQ,SBUX,PARTNER,10Y,14.785621,,14.785621,,0.8,1,rel-v0.5-full,2026-09-22T00:00:00Z
NASDAQ,MSFT,NASDAQ,SHOP,PARTNER,10Y,18.126925,,18.126925,,1.0,1,rel-v0.5-full,2026-09-22T00:00:00Z
NASDAQ,MSFT,NASDAQ,SNPS,PARTNER,1Y,18.126925,,18.126925,,1.0,1,rel-v0.5-full,2026-09-22T00:00:00Z
NASDAQ,MSFT,NASDAQ,SNPS,PARTNER,10Y,18.126925,,18.126925,,1.0,1,rel-v0.5-full,2026-09-22T00:00:00Z
NASDAQ,MSFT,NASDAQ,SPCX,PARTNER,10Y,77.236231,,77.236231,,0.822222,9,rel-v0.5-full,2026-09-22T00:00:00Z
NASDAQ,MSFT,NASDAQ,TRI,PARTNER,10Y,11.307956,,11.307956,,0.6,1,rel-v0.5-full,2026-09-22T00:00:00Z
NASDAQ,MSFT,NASDAQ,TSLA,COMPETE,10Y,14.785621,,14.785621,,0.8,1,rel-v0.5-full,2026-09-22T00:00:00Z
NASDAQ,MSFT,NASDAQ,TSLA,PARTNER,10Y,21.337214,,21.337214,,0.6,2,rel-v0.5-full,2026-09-22T00:00:00Z
NASDAQ,MSFT,NASDAQ,WBD,PARTNER,10Y,18.126925,,18.126925,,1.0,1,rel-v0.5-full,2026-09-22T00:00:00Z
NASDAQ,MSFT,NASDAQ,WDAY,PARTNER,10Y,21.337214,,21.337214,,0.6,2,rel-v0.5-full,2026-09-22T00:00:00Z
NASDAQ,MSFT,NASDAQ,WMT,COMPETE,10Y,18.126925,,18.126925,,1.0,1,rel-v0.5-full,2026-09-22T00:00:00Z
NASDAQ,MSFT,NASDAQ,WMT,PARTNER,10Y,86.466472,,86.466472,,1.0,10,rel-v0.5-full,2026-09-22T00:00:00Z
NASDAQ,MU,NASDAQ,AAPL,SUPPLY,10Y,18.126925,,18.126925,,1.0,1,rel-v0.5-full,2026-09-22T00:00:00Z
NASDAQ,MU,NASDAQ,NVDA,COMPETE,1Y,21.337214,,21.337214,,0.6,2,rel-v0.5-full,2026-09-22T00:00:00Z
NASDAQ,MU,NASDAQ,NVDA,COMPETE,10Y,30.232367,,30.232367,,0.6,3,rel-v0.5-full,2026-09-22T00:00:00Z
NASDAQ,MU,NASDAQ,NVDA,PARTNER,1Y,32.967995,,32.967995,,1.0,2,rel-v0.5-full,2026-09-22T00:00:00Z
NASDAQ,MU,NASDAQ,NVDA,PARTNER,10Y,47.270758,,47.270758,,0.8,4,rel-v0.5-full,2026-09-22T00:00:00Z
NASDAQ,MU,NASDAQ,NVDA,SUPPLY,1Y,32.967995,,32.967995,,1.0,2,rel-v0.5-full,2026-09-22T00:00:00Z
NASDAQ,MU,NASDAQ,NVDA,SUPPLY,10Y,89.139089,,89.139089,,0.74,15,rel-v0.5-full,2026-09-22T00:00:00Z
NASDAQ,MU,NASDAQ,SNDK,COMPETE,1Y,18.126925,,19.246525,,1.0,1,rel-v0.5-full,2026-09-22T00:00:00Z
NASDAQ,MU,NASDAQ,SNDK,COMPETE,10Y,18.126925,,19.246525,,1.0,1,rel-v0.5-full,2026-09-22T00:00:00Z
NASDAQ,MU,NASDAQ,SNDK,SUPPLY,1Y,18.126925,,19.246525,,1.0,1,rel-v0.5-full,2026-09-22T00:00:00Z
NASDAQ,MU,NASDAQ,SNDK,SUPPLY,10Y,18.126925,,19.246525,,1.0,1,rel-v0.5-full,2026-09-22T00:00:00Z
NASDAQ,MU,NASDAQ,WDC,PARTNER,10Y,14.785621,,14.785621,,0.8,1,rel-v0.5-full,2026-09-22T00:00:00Z
NASDAQ,NBIS,NASDAQ,NVDA,COMPETE,1Y,18.126925,,18.126925,,1.0,1,rel-v0.5-full,2026-09-22T00:00:00Z
NASDAQ,NBIS,NASDAQ,NVDA,COMPETE,10Y,18.126925,,18.126925,,1.0,1,rel-v0.5-full,2026-09-22T00:00:00Z
NASDAQ,NBIS,NASDAQ,NVDA,PARTNER,90D,18.126925,,18.126925,,1.0,1,rel-v0.5-full,2026-09-22T00:00:00Z
NASDAQ,NBIS,NASDAQ,NVDA,PARTNER,1Y,79.810348,,79.810348,,1.0,8,rel-v0.5-full,2026-09-22T00:00:00Z
NASDAQ,NBIS,NASDAQ,NVDA,PARTNER,10Y,79.810348,,79.810348,,1.0,8,rel-v0.5-full,2026-09-22T00:00:00Z
NASDAQ,NFLX,NASDAQ,TSLA,PARTNER,10Y,14.785621,,14.785621,,0.8,1,rel-v0.5-full,2026-09-22T00:00:00Z
NASDAQ,NFLX,NASDAQ,WBD,COMPETE,1Y,93.412525,,93.412525,,0.971429,14,rel-v0.5-full,2026-09-22T00:00:00Z
NASDAQ,NFLX,NASDAQ,WBD,COMPETE,10Y,95.216511,,95.216511,,0.95,16,rel-v0.5-full,2026-09-22T00:00:00Z
NASDAQ,NFLX,NASDAQ,WBD,PARTNER,10Y,47.270758,,47.270758,,0.8,4,rel-v0.5-full,2026-09-22T00:00:00Z
NASDAQ,NFLX,NASDAQ,WMT,COMPETE,10Y,18.126925,,18.126925,,1.0,1,rel-v0.5-full,2026-09-22T00:00:00Z
NASDAQ,NFLX,NASDAQ,WMT,PARTNER,10Y,53.233357,,53.233357,,0.76,5,rel-v0.5-full,2026-09-22T00:00:00Z
NASDAQ,NVDA,KOSPI,000660,SUPPLY,30D,18.126925,,18.126925,,1.0,1,rel-v0.5-full,2026-09-22T00:00:00Z
NASDAQ,NVDA,KOSPI,000660,SUPPLY,90D,45.118836,,45.118836,,1.0,3,rel-v0.5-full,2026-09-22T00:00:00Z
NASDAQ,NVDA,KOSPI,000660,SUPPLY,1Y,83.470111,,83.470111,,1.0,9,rel-v0.5-full,2026-09-22T00:00:00Z
NASDAQ,NVDA,KOSPI,000660,SUPPLY,10Y,83.470111,,83.470111,,1.0,9,rel-v0.5-full,2026-09-22T00:00:00Z
NASDAQ,NVDA,NASDAQ,AMD,SUPPLY,1Y,18.126925,,18.126925,,1.0,1,rel-v0.5-full,2026-09-22T00:00:00Z
NASDAQ,NVDA,NASDAQ,AMD,SUPPLY,10Y,18.126925,,18.126925,,1.0,1,rel-v0.5-full,2026-09-22T00:00:00Z
NASDAQ,NVDA,NASDAQ,AMZN,SUPPLY,1Y,32.967995,,32.967995,,1.0,2,rel-v0.5-full,2026-09-22T00:00:00Z
NASDAQ,NVDA,NASDAQ,AMZN,SUPPLY,10Y,32.967995,,32.967995,,1.0,2,rel-v0.5-full,2026-09-22T00:00:00Z
NASDAQ,NVDA,NASDAQ,AVGO,SUPPLY,1Y,32.967995,,32.967995,,1.0,2,rel-v0.5-full,2026-09-22T00:00:00Z
NASDAQ,NVDA,NASDAQ,AVGO,SUPPLY,10Y,32.967995,,32.967995,,1.0,2,rel-v0.5-full,2026-09-22T00:00:00Z
NASDAQ,NVDA,NASDAQ,CRWV,SUPPLY,1Y,18.126925,,18.126925,,1.0,1,rel-v0.5-full,2026-09-22T00:00:00Z
NASDAQ,NVDA,NASDAQ,CRWV,SUPPLY,10Y,18.126925,,18.126925,,1.0,1,rel-v0.5-full,2026-09-22T00:00:00Z
NASDAQ,NVDA,NASDAQ,GOOGL,SUPPLY,1Y,18.126925,,18.126925,,1.0,1,rel-v0.5-full,2026-09-22T00:00:00Z
NASDAQ,NVDA,NASDAQ,GOOGL,SUPPLY,10Y,18.126925,,18.126925,,1.0,1,rel-v0.5-full,2026-09-22T00:00:00Z
NASDAQ,NVDA,NASDAQ,MSFT,SUPPLY,1Y,32.967995,,32.967995,,1.0,2,rel-v0.5-full,2026-09-22T00:00:00Z
NASDAQ,NVDA,NASDAQ,MSFT,SUPPLY,10Y,42.305019,,42.305019,,0.916667,3,rel-v0.5-full,2026-09-22T00:00:00Z
NASDAQ,NVDA,NASDAQ,NXPI,PARTNER,10Y,14.785621,,14.785621,,0.8,1,rel-v0.5-full,2026-09-22T00:00:00Z
NASDAQ,NVDA,NASDAQ,PLTR,PARTNER,1Y,90.928205,,90.928205,,1.0,12,rel-v0.5-full,2026-09-22T00:00:00Z
NASDAQ,NVDA,NASDAQ,PLTR,PARTNER,10Y,90.928205,,90.928205,,1.0,12,rel-v0.5-full,2026-09-22T00:00:00Z
NASDAQ,NVDA,NASDAQ,QCOM,COMPETE,1Y,45.118836,,45.118836,,1.0,3,rel-v0.5-full,2026-09-22T00:00:00Z
NASDAQ,NVDA,NASDAQ,QCOM,COMPETE,10Y,71.061578,,71.061578,,0.885714,7,rel-v0.5-full,2026-09-22T00:00:00Z
NASDAQ,NVDA,NASDAQ,QCOM,PARTNER,1Y,27.385096,,27.385096,,0.8,2,rel-v0.5-full,2026-09-22T00:00:00Z
NASDAQ,NVDA,NASDAQ,QCOM,PARTNER,10Y,67.372021,,67.372021,,0.8,7,rel-v0.5-full,2026-09-22T00:00:00Z
NASDAQ,NVDA,NASDAQ,SNPS,PARTNER,1Y,88.919684,,88.919684,,1.0,11,rel-v0.5-full,2026-09-22T00:00:00Z
NASDAQ,NVDA,NASDAQ,SNPS,PARTNER,10Y,88.919684,,88.919684,,1.0,11,rel-v0.5-full,2026-09-22T00:00:00Z
NASDAQ,NVDA,NASDAQ,SPCX,COMPETE,90D,18.126925,,18.126925,,1.0,1,rel-v0.5-full,2026-09-22T00:00:00Z
NASDAQ,NVDA,NASDAQ,SPCX,COMPETE,1Y,32.967995,,32.967995,,1.0,2,rel-v0.5-full,2026-09-22T00:00:00Z
NASDAQ,NVDA,NASDAQ,SPCX,COMPETE,10Y,32.967995,,32.967995,,1.0,2,rel-v0.5-full,2026-09-22T00:00:00Z
NASDAQ,NVDA,NASDAQ,TMUS,PARTNER,1Y,45.118836,,45.118836,,1.0,3,rel-v0.5-full,2026-09-22T00:00:00Z
NASDAQ,NVDA,NASDAQ,TMUS,PARTNER,10Y,51.324774,,51.324774,,0.9,4,rel-v0.5-full,2026-09-22T00:00:00Z
NASDAQ,NVDA,NASDAQ,TSLA,COMPETE,1Y,45.118836,,45.118836,,1.0,3,rel-v0.5-full,2026-09-22T00:00:00Z
NASDAQ,NVDA,NASDAQ,TSLA,COMPETE,10Y,71.061578,,71.061578,,0.885714,7,rel-v0.5-full,2026-09-22T00:00:00Z
NASDAQ,NVDA,NASDAQ,TSLA,PARTNER,10Y,21.337214,,21.337214,,0.6,2,rel-v0.5-full,2026-09-22T00:00:00Z
NASDAQ,NVDA,NASDAQ,TSLA,SUPPLY,1Y,18.126925,,18.126925,,1.0,1,rel-v0.5-full,2026-09-22T00:00:00Z
NASDAQ,NVDA,NASDAQ,TSLA,SUPPLY,10Y,18.126925,,18.126925,,1.0,1,rel-v0.5-full,2026-09-22T00:00:00Z
NASDAQ,NVDA,NASDAQ,TXN,PARTNER,1Y,32.967995,,32.967995,,1.0,2,rel-v0.5-full,2026-09-22T00:00:00Z
NASDAQ,NVDA,NASDAQ,TXN,PARTNER,10Y,32.967995,,32.967995,,1.0,2,rel-v0.5-full,2026-09-22T00:00:00Z
NASDAQ,NXPI,NASDAQ,ARM,SUPPLY,10Y,18.126925,,18.126925,,1.0,1,rel-v0.5-full,2026-09-22T00:00:00Z
NASDAQ,NXPI,NASDAQ,QCOM,COMPETE,10Y,32.967995,,34.048595,,1.0,2,rel-v0.5-full,2026-09-22T00:00:00Z
NASDAQ,NXPI,NASDAQ,QCOM,PARTNER,1Y,14.785621,,15.866221,,0.8,1,rel-v0.5-full,2026-09-22T00:00:00Z
NASDAQ,NXPI,NASDAQ,QCOM,PARTNER,10Y,38.121661,,39.202261,,0.8,3,rel-v0.5-full,2026-09-22T00:00:00Z
NASDAQ,PAYX,NASDAQ,PYPL,PARTNER,1Y,32.967995,,33.906695,,1.0,2,rel-v0.5-full,2026-09-22T00:00:00Z
NASDAQ,PAYX,NASDAQ,PYPL,PARTNER,10Y,32.967995,,33.906695,,1.0,2,rel-v0.5-full,2026-09-22T00:00:00Z
NASDAQ,PEP,NASDAQ,TSLA,PARTNER,1Y,18.126925,,18.126925,,1.0,1,rel-v0.5-full,2026-09-22T00:00:00Z
NASDAQ,PEP,NASDAQ,TSLA,PARTNER,10Y,18.126925,,18.126925,,1.0,1,rel-v0.5-full,2026-09-22T00:00:00Z
NASDAQ,PYPL,NASDAQ,SHOP,COMPETE,10Y,18.126925,,18.126925,,1.0,1,rel-v0.5-full,2026-09-22T00:00:00Z
NASDAQ,PYPL,NASDAQ,SHOP,PARTNER,10Y,18.126925,,18.126925,,1.0,1,rel-v0.5-full,2026-09-22T00:00:00Z
NASDAQ,QCOM,NASDAQ,AAPL,SUPPLY,10Y,87.876203,,87.876203,,0.879167,12,rel-v0.5-full,2026-09-22T00:00:00Z
NASDAQ,QCOM,NASDAQ,GOOGL,SUPPLY,10Y,18.126925,,18.126925,,1.0,1,rel-v0.5-full,2026-09-22T00:00:00Z
NASDAQ,QCOM,NASDAQ,TMUS,PARTNER,1Y,18.126925,,18.126925,,1.0,1,rel-v0.5-full,2026-09-22T00:00:00Z
NASDAQ,QCOM,NASDAQ,TMUS,PARTNER,10Y,27.385096,,27.385096,,0.8,2,rel-v0.5-full,2026-09-22T00:00:00Z
NASDAQ,RKLB,NASDAQ,SPCX,COMPETE,1Y,18.126925,,18.126925,,1.0,1,rel-v0.5-full,2026-09-22T00:00:00Z
NASDAQ,RKLB,NASDAQ,SPCX,COMPETE,10Y,32.967995,,32.967995,,1.0,2,rel-v0.5-full,2026-09-22T00:00:00Z
NASDAQ,SBUX,NASDAQ,SHOP,PARTNER,10Y,14.785621,,14.785621,,0.8,1,rel-v0.5-full,2026-09-22T00:00:00Z
NASDAQ,SHOP,NASDAQ,WMT,PARTNER,10Y,55.067104,,55.067104,,1.0,4,rel-v0.5-full,2026-09-22T00:00:00Z
NASDAQ,SNDK,NASDAQ,MU,SUPPLY,1Y,18.126925,,19.246525,,1.0,1,rel-v0.5-full,2026-09-22T00:00:00Z
NASDAQ,SNDK,NASDAQ,MU,SUPPLY,10Y,18.126925,,19.246525,,1.0,1,rel-v0.5-full,2026-09-22T00:00:00Z
NASDAQ,SNPS,NASDAQ,NVDA,SUPPLY,1Y,18.126925,,18.126925,,1.0,1,rel-v0.5-full,2026-09-22T00:00:00Z
NASDAQ,SNPS,NASDAQ,NVDA,SUPPLY,10Y,18.126925,,18.126925,,1.0,1,rel-v0.5-full,2026-09-22T00:00:00Z
NASDAQ,SPCX,NASDAQ,TMUS,PARTNER,10Y,27.385096,,27.385096,,0.8,2,rel-v0.5-full,2026-09-22T00:00:00Z
NASDAQ,SPCX,NASDAQ,TSLA,PARTNER,10Y,18.126925,,18.126925,,1.0,1,rel-v0.5-full,2026-09-22T00:00:00Z
NASDAQ,STX,NASDAQ,WDC,COMPETE,90D,18.126925,,19.144525,,1.0,1,rel-v0.5-full,2026-09-22T00:00:00Z
NASDAQ,STX,NASDAQ,WDC,COMPETE,1Y,55.067104,,56.084704,,1.0,4,rel-v0.5-full,2026-09-22T00:00:00Z
NASDAQ,STX,NASDAQ,WDC,COMPETE,10Y,60.148096,,61.165696,,0.92,5,rel-v0.5-full,2026-09-22T00:00:00Z
NASDAQ,TER,NASDAQ,MPWR,SUPPLY,10Y,18.126925,,18.126925,,1.0,1,rel-v0.5-full,2026-09-22T00:00:00Z
NASDAQ,TSLA,NASDAQ,AAPL,SUPPLY,10Y,18.126925,,18.126925,,1.0,1,rel-v0.5-full,2026-09-22T00:00:00Z
NASDAQ,TSLA,NASDAQ,SPCX,SUPPLY,90D,18.126925,,18.126925,,1.0,1,rel-v0.5-full,2026-09-22T00:00:00Z
NASDAQ,TSLA,NASDAQ,SPCX,SUPPLY,1Y,18.126925,,18.126925,,1.0,1,rel-v0.5-full,2026-09-22T00:00:00Z
NASDAQ,TSLA,NASDAQ,SPCX,SUPPLY,10Y,18.126925,,18.126925,,1.0,1,rel-v0.5-full,2026-09-22T00:00:00Z
KOSPI,051910,KOSPI,373220,INVEST,7D,,94.128147,94.128147,,1.0,1,rel-v0.5-full,2026-09-22T00:00:00Z
KOSPI,051910,KOSPI,373220,INVEST,30D,,94.128147,94.128147,,1.0,1,rel-v0.5-full,2026-09-22T00:00:00Z
KOSPI,051910,KOSPI,373220,INVEST,90D,,94.128147,94.128147,,1.0,1,rel-v0.5-full,2026-09-22T00:00:00Z
KOSPI,051910,KOSPI,373220,INVEST,1Y,,94.128147,94.128147,,1.0,1,rel-v0.5-full,2026-09-22T00:00:00Z
KOSPI,051910,KOSPI,373220,INVEST,10Y,,94.128147,94.128147,,1.0,1,rel-v0.5-full,2026-09-22T00:00:00Z
KOSPI,032830,KOSPI,029780,INVEST,7D,,92.319062,92.319062,,1.0,1,rel-v0.5-full,2026-09-22T00:00:00Z
KOSPI,032830,KOSPI,029780,INVEST,30D,,92.319062,92.319062,,1.0,1,rel-v0.5-full,2026-09-22T00:00:00Z
KOSPI,032830,KOSPI,029780,INVEST,90D,,92.319062,92.319062,,1.0,1,rel-v0.5-full,2026-09-22T00:00:00Z
KOSPI,032830,KOSPI,029780,INVEST,1Y,,92.319062,92.319062,,1.0,1,rel-v0.5-full,2026-09-22T00:00:00Z
KOSPI,032830,KOSPI,029780,INVEST,10Y,,92.319062,92.319062,,1.0,1,rel-v0.5-full,2026-09-22T00:00:00Z
KOSPI,005490,KOSPI,047050,INVEST,7D,,91.997027,91.997027,,1.0,1,rel-v0.5-full,2026-09-22T00:00:00Z
KOSPI,005490,KOSPI,047050,INVEST,30D,,91.997027,91.997027,,1.0,1,rel-v0.5-full,2026-09-22T00:00:00Z
KOSPI,005490,KOSPI,047050,INVEST,90D,,91.997027,91.997027,,1.0,1,rel-v0.5-full,2026-09-22T00:00:00Z
KOSPI,005490,KOSPI,047050,INVEST,1Y,,91.997027,91.997027,,1.0,1,rel-v0.5-full,2026-09-22T00:00:00Z
KOSPI,005490,KOSPI,047050,INVEST,10Y,,91.997027,91.997027,,1.0,1,rel-v0.5-full,2026-09-22T00:00:00Z
KOSPI,009540,KOSPI,329180,INVEST,7D,,91.562634,91.562634,,1.0,1,rel-v0.5-full,2026-09-22T00:00:00Z
KOSPI,009540,KOSPI,329180,INVEST,30D,,91.562634,91.562634,,1.0,1,rel-v0.5-full,2026-09-22T00:00:00Z
KOSPI,009540,KOSPI,329180,INVEST,90D,,91.562634,91.562634,,1.0,1,rel-v0.5-full,2026-09-22T00:00:00Z
KOSPI,009540,KOSPI,329180,INVEST,1Y,,91.562634,91.562634,,1.0,1,rel-v0.5-full,2026-09-22T00:00:00Z
KOSPI,009540,KOSPI,329180,INVEST,10Y,,91.562634,91.562634,,1.0,1,rel-v0.5-full,2026-09-22T00:00:00Z
KOSPI,034730,KOSPI,326030,INVEST,7D,,89.829861,89.829861,,1.0,1,rel-v0.5-full,2026-09-22T00:00:00Z
KOSPI,034730,KOSPI,326030,INVEST,30D,,89.829861,89.829861,,1.0,1,rel-v0.5-full,2026-09-22T00:00:00Z
KOSPI,034730,KOSPI,326030,INVEST,90D,,89.829861,89.829861,,1.0,1,rel-v0.5-full,2026-09-22T00:00:00Z
KOSPI,034730,KOSPI,326030,INVEST,1Y,,89.829861,89.829861,,1.0,1,rel-v0.5-full,2026-09-22T00:00:00Z
KOSPI,034730,KOSPI,326030,INVEST,10Y,,89.829861,89.829861,,1.0,1,rel-v0.5-full,2026-09-22T00:00:00Z
KOSPI,005490,KOSPI,003670,INVEST,7D,,87.489119,87.489119,,1.0,1,rel-v0.5-full,2026-09-22T00:00:00Z
KOSPI,005490,KOSPI,003670,INVEST,30D,,87.489119,87.489119,,1.0,1,rel-v0.5-full,2026-09-22T00:00:00Z
KOSPI,005490,KOSPI,003670,INVEST,90D,,87.489119,87.489119,,1.0,1,rel-v0.5-full,2026-09-22T00:00:00Z
KOSPI,005490,KOSPI,003670,INVEST,1Y,,87.489119,87.489119,,1.0,1,rel-v0.5-full,2026-09-22T00:00:00Z
KOSPI,005490,KOSPI,003670,INVEST,10Y,,87.489119,87.489119,,1.0,1,rel-v0.5-full,2026-09-22T00:00:00Z
KOSPI,267250,KOSPI,443060,INVEST,7D,,86.133777,86.133777,,1.0,1,rel-v0.5-full,2026-09-22T00:00:00Z
KOSPI,267250,KOSPI,443060,INVEST,30D,,86.133777,86.133777,,1.0,1,rel-v0.5-full,2026-09-22T00:00:00Z
KOSPI,267250,KOSPI,443060,INVEST,90D,,86.133777,86.133777,,1.0,1,rel-v0.5-full,2026-09-22T00:00:00Z
KOSPI,267250,KOSPI,443060,INVEST,1Y,,86.133777,86.133777,,1.0,1,rel-v0.5-full,2026-09-22T00:00:00Z
KOSPI,267250,KOSPI,443060,INVEST,10Y,,86.133777,86.133777,,1.0,1,rel-v0.5-full,2026-09-22T00:00:00Z
KOSPI,034730,KOSPI,096770,INVEST,7D,,84.438296,84.438296,,1.0,1,rel-v0.5-full,2026-09-22T00:00:00Z
KOSPI,034730,KOSPI,096770,INVEST,30D,,84.438296,84.438296,,1.0,1,rel-v0.5-full,2026-09-22T00:00:00Z
KOSPI,034730,KOSPI,096770,INVEST,90D,,84.438296,84.438296,,1.0,1,rel-v0.5-full,2026-09-22T00:00:00Z
KOSPI,034730,KOSPI,096770,INVEST,1Y,,84.438296,84.438296,,1.0,1,rel-v0.5-full,2026-09-22T00:00:00Z
KOSPI,034730,KOSPI,096770,INVEST,10Y,,84.438296,84.438296,,1.0,1,rel-v0.5-full,2026-09-22T00:00:00Z
KOSPI,006260,KOSPI,010120,INVEST,7D,,82.284218,82.284218,,1.0,1,rel-v0.5-full,2026-09-22T00:00:00Z
KOSPI,006260,KOSPI,010120,INVEST,30D,,82.284218,82.284218,,1.0,1,rel-v0.5-full,2026-09-22T00:00:00Z
KOSPI,006260,KOSPI,010120,INVEST,90D,,82.284218,82.284218,,1.0,1,rel-v0.5-full,2026-09-22T00:00:00Z
KOSPI,006260,KOSPI,010120,INVEST,1Y,,82.284218,82.284218,,1.0,1,rel-v0.5-full,2026-09-22T00:00:00Z
KOSPI,006260,KOSPI,010120,INVEST,10Y,,82.284218,82.284218,,1.0,1,rel-v0.5-full,2026-09-22T00:00:00Z
KOSPI,034020,KOSPI,241560,INVEST,7D,,82.099779,82.099779,,1.0,1,rel-v0.5-full,2026-09-22T00:00:00Z
KOSPI,034020,KOSPI,241560,INVEST,30D,,82.099779,82.099779,,1.0,1,rel-v0.5-full,2026-09-22T00:00:00Z
KOSPI,034020,KOSPI,241560,INVEST,90D,,82.099779,82.099779,,1.0,1,rel-v0.5-full,2026-09-22T00:00:00Z
KOSPI,034020,KOSPI,241560,INVEST,1Y,,82.099779,82.099779,,1.0,1,rel-v0.5-full,2026-09-22T00:00:00Z
KOSPI,034020,KOSPI,241560,INVEST,10Y,,82.099779,82.099779,,1.0,1,rel-v0.5-full,2026-09-22T00:00:00Z
KOSPI,035720,KOSPI,377300,INVEST,7D,,80.753811,80.753811,,1.0,1,rel-v0.5-full,2026-09-22T00:00:00Z
KOSPI,035720,KOSPI,377300,INVEST,30D,,80.753811,80.753811,,1.0,1,rel-v0.5-full,2026-09-22T00:00:00Z
KOSPI,035720,KOSPI,377300,INVEST,90D,,80.753811,80.753811,,1.0,1,rel-v0.5-full,2026-09-22T00:00:00Z
KOSPI,035720,KOSPI,377300,INVEST,1Y,,80.753811,80.753811,,1.0,1,rel-v0.5-full,2026-09-22T00:00:00Z
KOSPI,035720,KOSPI,377300,INVEST,10Y,,80.753811,80.753811,,1.0,1,rel-v0.5-full,2026-09-22T00:00:00Z
KOSPI,028260,KOSPI,207940,INVEST,7D,,78.515902,78.515902,,1.0,1,rel-v0.5-full,2026-09-22T00:00:00Z
KOSPI,028260,KOSPI,207940,INVEST,30D,,78.515902,78.515902,,1.0,1,rel-v0.5-full,2026-09-22T00:00:00Z
KOSPI,028260,KOSPI,207940,INVEST,90D,,78.515902,78.515902,,1.0,1,rel-v0.5-full,2026-09-22T00:00:00Z
KOSPI,028260,KOSPI,207940,INVEST,1Y,,78.515902,78.515902,,1.0,1,rel-v0.5-full,2026-09-22T00:00:00Z
KOSPI,028260,KOSPI,207940,INVEST,10Y,,78.515902,78.515902,,1.0,1,rel-v0.5-full,2026-09-22T00:00:00Z
KOSPI,066570,KOSPI,011070,INVEST,7D,,76.701605,76.701605,,1.0,1,rel-v0.5-full,2026-09-22T00:00:00Z
KOSPI,066570,KOSPI,011070,INVEST,30D,,76.701605,76.701605,,1.0,1,rel-v0.5-full,2026-09-22T00:00:00Z
KOSPI,066570,KOSPI,011070,INVEST,90D,,76.701605,76.701605,,1.0,1,rel-v0.5-full,2026-09-22T00:00:00Z
KOSPI,066570,KOSPI,011070,INVEST,1Y,,76.701605,76.701605,,1.0,1,rel-v0.5-full,2026-09-22T00:00:00Z
KOSPI,066570,KOSPI,011070,INVEST,10Y,,76.701605,76.701605,,1.0,1,rel-v0.5-full,2026-09-22T00:00:00Z
KOSPI,000880,KOSPI,009830,INVEST,7D,,72.65908,72.65908,,1.0,1,rel-v0.5-full,2026-09-22T00:00:00Z
KOSPI,000880,KOSPI,009830,INVEST,30D,,72.65908,72.65908,,1.0,1,rel-v0.5-full,2026-09-22T00:00:00Z
KOSPI,000880,KOSPI,009830,INVEST,90D,,72.65908,72.65908,,1.0,1,rel-v0.5-full,2026-09-22T00:00:00Z
KOSPI,000880,KOSPI,009830,INVEST,1Y,,72.65908,72.65908,,1.0,1,rel-v0.5-full,2026-09-22T00:00:00Z
KOSPI,000880,KOSPI,009830,INVEST,10Y,,72.65908,72.65908,,1.0,1,rel-v0.5-full,2026-09-22T00:00:00Z
KOSPI,267250,KOSPI,267260,INVEST,7D,,72.096793,72.096793,,1.0,1,rel-v0.5-full,2026-09-22T00:00:00Z
KOSPI,267250,KOSPI,267260,INVEST,30D,,72.096793,72.096793,,1.0,1,rel-v0.5-full,2026-09-22T00:00:00Z
KOSPI,267250,KOSPI,267260,INVEST,90D,,72.096793,72.096793,,1.0,1,rel-v0.5-full,2026-09-22T00:00:00Z
KOSPI,267250,KOSPI,267260,INVEST,1Y,,72.096793,72.096793,,1.0,1,rel-v0.5-full,2026-09-22T00:00:00Z
KOSPI,267250,KOSPI,267260,INVEST,10Y,,72.096793,72.096793,,1.0,1,rel-v0.5-full,2026-09-22T00:00:00Z
KOSPI,005380,KOSPI,000270,INVEST,7D,,71.522943,71.522943,,1.0,1,rel-v0.5-full,2026-09-22T00:00:00Z
KOSPI,005380,KOSPI,000270,INVEST,30D,,71.522943,71.522943,,1.0,1,rel-v0.5-full,2026-09-22T00:00:00Z
KOSPI,005380,KOSPI,000270,INVEST,90D,,71.522943,71.522943,,1.0,1,rel-v0.5-full,2026-09-22T00:00:00Z
KOSPI,005380,KOSPI,000270,INVEST,1Y,,71.522943,71.522943,,1.0,1,rel-v0.5-full,2026-09-22T00:00:00Z
KOSPI,005380,KOSPI,000270,INVEST,10Y,,71.522943,71.522943,,1.0,1,rel-v0.5-full,2026-09-22T00:00:00Z
KOSPI,267250,KOSPI,009540,INVEST,7D,,71.400636,71.400636,,1.0,1,rel-v0.5-full,2026-09-22T00:00:00Z
KOSPI,267250,KOSPI,009540,INVEST,30D,,71.400636,71.400636,,1.0,1,rel-v0.5-full,2026-09-22T00:00:00Z
KOSPI,267250,KOSPI,009540,INVEST,90D,,71.400636,71.400636,,1.0,1,rel-v0.5-full,2026-09-22T00:00:00Z
KOSPI,267250,KOSPI,009540,INVEST,1Y,,71.400636,71.400636,,1.0,1,rel-v0.5-full,2026-09-22T00:00:00Z
KOSPI,267250,KOSPI,009540,INVEST,10Y,,71.400636,71.400636,,1.0,1,rel-v0.5-full,2026-09-22T00:00:00Z
KOSPI,005380,KOSPI,064350,INVEST,7D,,70.062893,70.062893,,1.0,1,rel-v0.5-full,2026-09-22T00:00:00Z
KOSPI,005380,KOSPI,064350,INVEST,30D,,70.062893,70.062893,,1.0,1,rel-v0.5-full,2026-09-22T00:00:00Z
KOSPI,005380,KOSPI,064350,INVEST,90D,,70.062893,70.062893,,1.0,1,rel-v0.5-full,2026-09-22T00:00:00Z
KOSPI,005380,KOSPI,064350,INVEST,1Y,,70.062893,70.062893,,1.0,1,rel-v0.5-full,2026-09-22T00:00:00Z
KOSPI,005380,KOSPI,064350,INVEST,10Y,,70.062893,70.062893,,1.0,1,rel-v0.5-full,2026-09-22T00:00:00Z
KOSPI,005380,KOSPI,307950,INVEST,7D,,67.638938,67.638938,,1.0,1,rel-v0.5-full,2026-09-22T00:00:00Z
KOSPI,005380,KOSPI,307950,INVEST,30D,,67.638938,67.638938,,1.0,1,rel-v0.5-full,2026-09-22T00:00:00Z
KOSPI,005380,KOSPI,307950,INVEST,90D,,67.638938,67.638938,,1.0,1,rel-v0.5-full,2026-09-22T00:00:00Z
KOSPI,005380,KOSPI,307950,INVEST,1Y,,67.638938,67.638938,,1.0,1,rel-v0.5-full,2026-09-22T00:00:00Z
KOSPI,005380,KOSPI,307950,INVEST,10Y,,67.638938,67.638938,,1.0,1,rel-v0.5-full,2026-09-22T00:00:00Z
KOSPI,003550,KOSPI,051910,INVEST,7D,,67.557934,67.557934,,1.0,1,rel-v0.5-full,2026-09-22T00:00:00Z
KOSPI,003550,KOSPI,051910,INVEST,30D,,67.557934,67.557934,,1.0,1,rel-v0.5-full,2026-09-22T00:00:00Z
KOSPI,003550,KOSPI,051910,INVEST,90D,,67.557934,67.557934,,1.0,1,rel-v0.5-full,2026-09-22T00:00:00Z
KOSPI,003550,KOSPI,051910,INVEST,1Y,,67.557934,67.557934,,1.0,1,rel-v0.5-full,2026-09-22T00:00:00Z
KOSPI,003550,KOSPI,051910,INVEST,10Y,,67.557934,67.557934,,1.0,1,rel-v0.5-full,2026-09-22T00:00:00Z
KOSPI,005930,KOSPI,207940,INVEST,7D,,67.208472,67.208472,,1.0,1,rel-v0.5-full,2026-09-22T00:00:00Z
KOSPI,005930,KOSPI,207940,INVEST,30D,,67.208472,67.208472,,1.0,1,rel-v0.5-full,2026-09-22T00:00:00Z
KOSPI,005930,KOSPI,207940,INVEST,90D,,67.208472,67.208472,,1.0,1,rel-v0.5-full,2026-09-22T00:00:00Z
KOSPI,005930,KOSPI,207940,INVEST,1Y,,67.208472,67.208472,,1.0,1,rel-v0.5-full,2026-09-22T00:00:00Z
KOSPI,005930,KOSPI,207940,INVEST,10Y,,67.208472,67.208472,,1.0,1,rel-v0.5-full,2026-09-22T00:00:00Z
KOSPI,000150,KOSPI,034020,INVEST,7D,,66.221887,66.221887,,1.0,1,rel-v0.5-full,2026-09-22T00:00:00Z
KOSPI,000150,KOSPI,034020,INVEST,30D,,66.221887,66.221887,,1.0,1,rel-v0.5-full,2026-09-22T00:00:00Z
KOSPI,000150,KOSPI,034020,INVEST,90D,,66.221887,66.221887,,1.0,1,rel-v0.5-full,2026-09-22T00:00:00Z
KOSPI,000150,KOSPI,034020,INVEST,1Y,,66.221887,66.221887,,1.0,1,rel-v0.5-full,2026-09-22T00:00:00Z
KOSPI,000150,KOSPI,034020,INVEST,10Y,,66.221887,66.221887,,1.0,1,rel-v0.5-full,2026-09-22T00:00:00Z
KOSPI,032830,KOSPI,016360,INVEST,7D,,64.993725,64.993725,,1.0,1,rel-v0.5-full,2026-09-22T00:00:00Z
KOSPI,032830,KOSPI,016360,INVEST,30D,,64.993725,64.993725,,1.0,1,rel-v0.5-full,2026-09-22T00:00:00Z
KOSPI,032830,KOSPI,016360,INVEST,90D,,64.993725,64.993725,,1.0,1,rel-v0.5-full,2026-09-22T00:00:00Z
KOSPI,032830,KOSPI,016360,INVEST,1Y,,64.993725,64.993725,,1.0,1,rel-v0.5-full,2026-09-22T00:00:00Z
KOSPI,032830,KOSPI,016360,INVEST,10Y,,64.993725,64.993725,,1.0,1,rel-v0.5-full,2026-09-22T00:00:00Z
KOSPI,035720,KOSPI,323410,INVEST,7D,,62.091696,62.091696,,1.0,1,rel-v0.5-full,2026-09-22T00:00:00Z
KOSPI,035720,KOSPI,323410,INVEST,30D,,62.091696,62.091696,,1.0,1,rel-v0.5-full,2026-09-22T00:00:00Z
KOSPI,035720,KOSPI,323410,INVEST,90D,,62.091696,62.091696,,1.0,1,rel-v0.5-full,2026-09-22T00:00:00Z
KOSPI,035720,KOSPI,323410,INVEST,1Y,,62.091696,62.091696,,1.0,1,rel-v0.5-full,2026-09-22T00:00:00Z
KOSPI,035720,KOSPI,323410,INVEST,10Y,,62.091696,62.091696,,1.0,1,rel-v0.5-full,2026-09-22T00:00:00Z
KOSPI,180640,KOSPI,003490,INVEST,7D,,60.671246,60.671246,,1.0,1,rel-v0.5-full,2026-09-22T00:00:00Z
KOSPI,180640,KOSPI,003490,INVEST,30D,,60.671246,60.671246,,1.0,1,rel-v0.5-full,2026-09-22T00:00:00Z
KOSPI,180640,KOSPI,003490,INVEST,90D,,60.671246,60.671246,,1.0,1,rel-v0.5-full,2026-09-22T00:00:00Z
KOSPI,180640,KOSPI,003490,INVEST,1Y,,60.671246,60.671246,,1.0,1,rel-v0.5-full,2026-09-22T00:00:00Z
KOSPI,180640,KOSPI,003490,INVEST,10Y,,60.671246,60.671246,,1.0,1,rel-v0.5-full,2026-09-22T00:00:00Z
KOSPI,005930,KOSPI,009150,INVEST,7D,,57.090264,57.090264,,1.0,1,rel-v0.5-full,2026-09-22T00:00:00Z
KOSPI,005930,KOSPI,009150,INVEST,30D,,57.090264,57.090264,,1.0,1,rel-v0.5-full,2026-09-22T00:00:00Z
KOSPI,005930,KOSPI,009150,INVEST,90D,,57.090264,57.090264,,1.0,1,rel-v0.5-full,2026-09-22T00:00:00Z
KOSPI,005930,KOSPI,009150,INVEST,1Y,,57.090264,57.090264,,1.0,1,rel-v0.5-full,2026-09-22T00:00:00Z
KOSPI,005930,KOSPI,009150,INVEST,10Y,,57.090264,57.090264,,1.0,1,rel-v0.5-full,2026-09-22T00:00:00Z
KOSPI,005930,KOSPI,018260,INVEST,7D,,55.355031,55.355031,,1.0,1,rel-v0.5-full,2026-09-22T00:00:00Z
KOSPI,005930,KOSPI,018260,INVEST,30D,,55.355031,55.355031,,1.0,1,rel-v0.5-full,2026-09-22T00:00:00Z
KOSPI,005930,KOSPI,018260,INVEST,90D,,55.355031,55.355031,,1.0,1,rel-v0.5-full,2026-09-22T00:00:00Z
KOSPI,005930,KOSPI,018260,INVEST,1Y,,55.355031,55.355031,,1.0,1,rel-v0.5-full,2026-09-22T00:00:00Z
KOSPI,005930,KOSPI,018260,INVEST,10Y,,55.355031,55.355031,,1.0,1,rel-v0.5-full,2026-09-22T00:00:00Z
KOSPI,005380,KOSPI,000720,INVEST,7D,,52.678918,52.678918,,1.0,1,rel-v0.5-full,2026-09-22T00:00:00Z
KOSPI,005380,KOSPI,000720,INVEST,30D,,52.678918,52.678918,,1.0,1,rel-v0.5-full,2026-09-22T00:00:00Z
KOSPI,005380,KOSPI,000720,INVEST,90D,,52.678918,52.678918,,1.0,1,rel-v0.5-full,2026-09-22T00:00:00Z
KOSPI,005380,KOSPI,000720,INVEST,1Y,,52.678918,52.678918,,1.0,1,rel-v0.5-full,2026-09-22T00:00:00Z
KOSPI,005380,KOSPI,000720,INVEST,10Y,,52.678918,52.678918,,1.0,1,rel-v0.5-full,2026-09-22T00:00:00Z
KOSPI,012330,KOSPI,307950,INVEST,7D,,51.272594,51.272594,,1.0,1,rel-v0.5-full,2026-09-22T00:00:00Z
KOSPI,012330,KOSPI,307950,INVEST,30D,,51.272594,51.272594,,1.0,1,rel-v0.5-full,2026-09-22T00:00:00Z
KOSPI,012330,KOSPI,307950,INVEST,90D,,51.272594,51.272594,,1.0,1,rel-v0.5-full,2026-09-22T00:00:00Z
KOSPI,012330,KOSPI,307950,INVEST,1Y,,51.272594,51.272594,,1.0,1,rel-v0.5-full,2026-09-22T00:00:00Z
KOSPI,012330,KOSPI,307950,INVEST,10Y,,51.272594,51.272594,,1.0,1,rel-v0.5-full,2026-09-22T00:00:00Z
KOSPI,005930,KOSPI,006400,INVEST,7D,,50.056894,50.056894,,1.0,1,rel-v0.5-full,2026-09-22T00:00:00Z
KOSPI,005930,KOSPI,006400,INVEST,30D,,50.056894,50.056894,,1.0,1,rel-v0.5-full,2026-09-22T00:00:00Z
KOSPI,005930,KOSPI,006400,INVEST,90D,,50.056894,50.056894,,1.0,1,rel-v0.5-full,2026-09-22T00:00:00Z
KOSPI,005930,KOSPI,006400,INVEST,1Y,,50.056894,50.056894,,1.0,1,rel-v0.5-full,2026-09-22T00:00:00Z
KOSPI,005930,KOSPI,006400,INVEST,10Y,,50.056894,50.056894,,1.0,1,rel-v0.5-full,2026-09-22T00:00:00Z
KOSPI,028260,KOSPI,018260,INVEST,7D,,45.664913,45.664913,,1.0,1,rel-v0.5-full,2026-09-22T00:00:00Z
KOSPI,028260,KOSPI,018260,INVEST,30D,,45.664913,45.664913,,1.0,1,rel-v0.5-full,2026-09-22T00:00:00Z
KOSPI,028260,KOSPI,018260,INVEST,90D,,45.664913,45.664913,,1.0,1,rel-v0.5-full,2026-09-22T00:00:00Z
KOSPI,028260,KOSPI,018260,INVEST,1Y,,45.664913,45.664913,,1.0,1,rel-v0.5-full,2026-09-22T00:00:00Z
KOSPI,028260,KOSPI,018260,INVEST,10Y,,45.664913,45.664913,,1.0,1,rel-v0.5-full,2026-09-22T00:00:00Z
KOSPI,000270,KOSPI,307950,INVEST,7D,,44.010163,44.010163,,1.0,1,rel-v0.5-full,2026-09-22T00:00:00Z
KOSPI,000270,KOSPI,307950,INVEST,30D,,44.010163,44.010163,,1.0,1,rel-v0.5-full,2026-09-22T00:00:00Z
KOSPI,000270,KOSPI,307950,INVEST,90D,,44.010163,44.010163,,1.0,1,rel-v0.5-full,2026-09-22T00:00:00Z
KOSPI,000270,KOSPI,307950,INVEST,1Y,,44.010163,44.010163,,1.0,1,rel-v0.5-full,2026-09-22T00:00:00Z
KOSPI,000270,KOSPI,307950,INVEST,10Y,,44.010163,44.010163,,1.0,1,rel-v0.5-full,2026-09-22T00:00:00Z
KOSPI,032830,KOSPI,000810,INVEST,7D,,42.366802,42.366802,,1.0,1,rel-v0.5-full,2026-09-22T00:00:00Z
KOSPI,032830,KOSPI,000810,INVEST,30D,,42.366802,42.366802,,1.0,1,rel-v0.5-full,2026-09-22T00:00:00Z
KOSPI,032830,KOSPI,000810,INVEST,90D,,42.366802,42.366802,,1.0,1,rel-v0.5-full,2026-09-22T00:00:00Z
KOSPI,032830,KOSPI,000810,INVEST,1Y,,42.366802,42.366802,,1.0,1,rel-v0.5-full,2026-09-22T00:00:00Z
KOSPI,032830,KOSPI,000810,INVEST,10Y,,42.366802,42.366802,,1.0,1,rel-v0.5-full,2026-09-22T00:00:00Z
KOSPI,005930,KOSPI,010140,INVEST,7D,,41.953662,41.953662,,1.0,1,rel-v0.5-full,2026-09-22T00:00:00Z
KOSPI,005930,KOSPI,010140,INVEST,30D,,41.953662,41.953662,,1.0,1,rel-v0.5-full,2026-09-22T00:00:00Z
KOSPI,005930,KOSPI,010140,INVEST,90D,,41.953662,41.953662,,1.0,1,rel-v0.5-full,2026-09-22T00:00:00Z
KOSPI,005930,KOSPI,010140,INVEST,1Y,,41.953662,41.953662,,1.0,1,rel-v0.5-full,2026-09-22T00:00:00Z
KOSPI,005930,KOSPI,010140,INVEST,10Y,,41.953662,41.953662,,1.0,1,rel-v0.5-full,2026-09-22T00:00:00Z
KOSPI,006400,KOSPI,028050,INVEST,7D,,34.130851,34.130851,,1.0,1,rel-v0.5-full,2026-09-22T00:00:00Z
KOSPI,006400,KOSPI,028050,INVEST,30D,,34.130851,34.130851,,1.0,1,rel-v0.5-full,2026-09-22T00:00:00Z
KOSPI,006400,KOSPI,028050,INVEST,90D,,34.130851,34.130851,,1.0,1,rel-v0.5-full,2026-09-22T00:00:00Z
KOSPI,006400,KOSPI,028050,INVEST,1Y,,34.130851,34.130851,,1.0,1,rel-v0.5-full,2026-09-22T00:00:00Z
KOSPI,006400,KOSPI,028050,INVEST,10Y,,34.130851,34.130851,,1.0,1,rel-v0.5-full,2026-09-22T00:00:00Z
KOSPI,012330,KOSPI,000720,INVEST,7D,,26.78616,26.78616,,1.0,1,rel-v0.5-full,2026-09-22T00:00:00Z
KOSPI,012330,KOSPI,000720,INVEST,30D,,26.78616,26.78616,,1.0,1,rel-v0.5-full,2026-09-22T00:00:00Z
KOSPI,012330,KOSPI,000720,INVEST,90D,,26.78616,26.78616,,1.0,1,rel-v0.5-full,2026-09-22T00:00:00Z
KOSPI,012330,KOSPI,000720,INVEST,1Y,,26.78616,26.78616,,1.0,1,rel-v0.5-full,2026-09-22T00:00:00Z
KOSPI,012330,KOSPI,000720,INVEST,10Y,,26.78616,26.78616,,1.0,1,rel-v0.5-full,2026-09-22T00:00:00Z
KOSPI,032830,KOSPI,005930,INVEST,7D,,26.208643,26.208643,,1.0,1,rel-v0.5-full,2026-09-22T00:00:00Z
KOSPI,032830,KOSPI,005930,INVEST,30D,,26.208643,26.208643,,1.0,1,rel-v0.5-full,2026-09-22T00:00:00Z
KOSPI,032830,KOSPI,005930,INVEST,90D,,26.208643,26.208643,,1.0,1,rel-v0.5-full,2026-09-22T00:00:00Z
KOSPI,032830,KOSPI,005930,INVEST,1Y,,26.208643,26.208643,,1.0,1,rel-v0.5-full,2026-09-22T00:00:00Z
KOSPI,032830,KOSPI,005930,INVEST,10Y,,26.208643,26.208643,,1.0,1,rel-v0.5-full,2026-09-22T00:00:00Z
KOSPI,028260,KOSPI,028050,INVEST,7D,,22.036434,22.036434,,1.0,1,rel-v0.5-full,2026-09-22T00:00:00Z
KOSPI,028260,KOSPI,028050,INVEST,30D,,22.036434,22.036434,,1.0,1,rel-v0.5-full,2026-09-22T00:00:00Z
KOSPI,028260,KOSPI,028050,INVEST,90D,,22.036434,22.036434,,1.0,1,rel-v0.5-full,2026-09-22T00:00:00Z
KOSPI,028260,KOSPI,028050,INVEST,1Y,,22.036434,22.036434,,1.0,1,rel-v0.5-full,2026-09-22T00:00:00Z
KOSPI,028260,KOSPI,028050,INVEST,10Y,,22.036434,22.036434,,1.0,1,rel-v0.5-full,2026-09-22T00:00:00Z
KOSPI,000270,KOSPI,000720,INVEST,7D,,17.067475,17.067475,,1.0,1,rel-v0.5-full,2026-09-22T00:00:00Z
KOSPI,000270,KOSPI,000720,INVEST,30D,,17.067475,17.067475,,1.0,1,rel-v0.5-full,2026-09-22T00:00:00Z
KOSPI,000270,KOSPI,000720,INVEST,90D,,17.067475,17.067475,,1.0,1,rel-v0.5-full,2026-09-22T00:00:00Z
KOSPI,000270,KOSPI,000720,INVEST,1Y,,17.067475,17.067475,,1.0,1,rel-v0.5-full,2026-09-22T00:00:00Z
KOSPI,000270,KOSPI,000720,INVEST,10Y,,17.067475,17.067475,,1.0,1,rel-v0.5-full,2026-09-22T00:00:00Z
KOSPI,028260,KOSPI,005930,INVEST,7D,,16.502805,16.502805,,1.0,1,rel-v0.5-full,2026-09-22T00:00:00Z
KOSPI,028260,KOSPI,005930,INVEST,30D,,16.502805,16.502805,,1.0,1,rel-v0.5-full,2026-09-22T00:00:00Z
KOSPI,028260,KOSPI,005930,INVEST,90D,,16.502805,16.502805,,1.0,1,rel-v0.5-full,2026-09-22T00:00:00Z
KOSPI,028260,KOSPI,005930,INVEST,1Y,,16.502805,16.502805,,1.0,1,rel-v0.5-full,2026-09-22T00:00:00Z
KOSPI,028260,KOSPI,005930,INVEST,10Y,,16.502805,16.502805,,1.0,1,rel-v0.5-full,2026-09-22T00:00:00Z
